Media Outlet,Publication URL,Region,Estimated Traffic,Estimated Views,Estimated Clicks,Publication Date,Feed Name,Source File,Estimated Traffic/Views/Clicks,Headline,pub_dayofweek,pub_hour,pub_month,pub_age_days,Predicted Estimated Clicks
AFP Relaxnews,https://news.google.com/rss/articles/CBMiUEFVX3lxTE1LQlJvZU03ZTVWeXkzMWdtX1Y4bW04SGtqaUVDRnVwZkRMbzBsLVdCc0dnVzRGTlhyZElleWluelgyaVhqT2E1dzV4VmVKdW1X?oc=5&hl=en-PK&gl=PK&ceid=PK:en,Europe,,,,,AFP Relaxnews,afprelax_2025-10-22.csv,,Picture - afp.com,,,,,971.795017358512
AFP Relaxnews,https://news.google.com/rss/articles/CBMiOEFVX3lxTE82VnBvYjFjaTE4Z195MHpNbGZGc0JVeFg1WHEySVJXbGZXejhfY291WlRGVmhyeWRu?oc=5&hl=en-PK&gl=PK&ceid=PK:en,Europe,,,,,AFP Relaxnews,afprelax_2025-10-22.csv,,The news hub | AFP.com - afp.com,,,,,971.795017358512
AFP Relaxnews,https://news.google.com/rss/articles/CBMiU0FVX3lxTE9wWjNJaWhjblhDMV9sQkxPWXhWYk9tdkFYUmlQWC16el9lRElUNGxPSU9TYzhUb2Vtb3p3dEhicnZKTE5ianR3bVBSbGdQeGNmMlVZ?oc=5&hl=en-PK&gl=PK&ceid=PK:en,Europe,,,,,AFP Relaxnews,afprelax_2025-10-22.csv,,ETX Daily Up - afp.com,,,,,971.795017358512
AFP Relaxnews,https://news.google.com/rss/articles/CBMiR0FVX3lxTE1TTS0xX29JVjkwV3lTN2tNYjJwdXZTZDJvX0hGX3VxQUQwVDVReGlyTmlEaFVFZE9DUEh2ZnNORHVVdE1mLXkw?oc=5&hl=en-PK&gl=PK&ceid=PK:en,Europe,,,,,AFP Relaxnews,afprelax_2025-10-22.csv,,AFP- Relaxnews: positive results defying the crisis - afp.com,,,,,971.795017358512
AFP Relaxnews,https://news.google.com/rss/articles/CBMiVkFVX3lxTE03eHRoYkJMTzNhZVJoYWRJMXJKMmIxWEJOaGpRc09ZQ1pKUXVHUklxUUctVG9uQmJ0YTdtdmIwdXI3WG5YWU53Vjk3d1NKYVBOajl3elRR?oc=5&hl=en-PK&gl=PK&ceid=PK:en,Europe,,,,,AFP Relaxnews,afprelax_2025-10-22.csv,,Relaxnews bas de page - afp.com,,,,,971.795017358512
AFP Relaxnews,https://news.google.com/rss/articles/CBMiZkFVX3lxTE5nbzIyQWxhbGdMV19PUUtNa0RfSThwZ2FEVWRCbkloMFBUazNfQWZtQTRsMFBhLTViVzJVQl9zY1dHQU44Vm9MMnpqaFJZSDg0NGVoR2RySDVaT054X1JFaDEzUlBJUQ?oc=5&hl=en-PK&gl=PK&ceid=PK:en,Europe,,,,,AFP Relaxnews,afprelax_2025-10-22.csv,,Relaxnews - présentation dépêche EN - afp.com,,,,,971.795017358512
AFP Relaxnews,https://news.google.com/rss/articles/CBMisAFBVV95cUxPV2liUVhwY1Myc1RGUXFCT295OWYxZWhlWG5RMVFyd24xUHBiRDlMdzhlN0VZT29pS1NDYkFfQUZEZ3V0amlXaWVEMXR3Z0plQmdTbElQTFZMS2ZJa0JORGR3aDJ2V19KcThTajg3Zm5nbm9TbE5zdms4ck4zQjh5Rkw1RVVnNmFsd1ZLVzl4YVgwZFowN0EyYnFhdkw4UHR1SHhxZUJfb1ptallCTEhOag?oc=5&hl=en-PK&gl=PK&ceid=PK:en,Europe,,,,,AFP Relaxnews,afprelax_2025-10-22.csv,,AFP and relaxnews launch the first worldwide leisure newswire - afp.com,,,,,971.795017358512
AFP Relaxnews,https://news.google.com/rss/articles/CBMiswFBVV95cUxPTjRCdnR2SVM1LVEySnRUZ3kxeElnVm9UOURiQ2d6dGxuZ21nZlhqa2syUG1TUF9SMUhFWHJSejdrcHphWjdXbnFnWEVDLV9iQVlNU3EyRXJyLV9ubnJYQzUzamdHbDBmclE4NnhQa2tUOGhoYXpIbmNNTGlqNnlBbTdsa2pEb18tUndhZUo4NUFjdjRRQ2dTMHZpOXZBY1YzZnBYUUtycFYteXhNRDRkMmRmdw?oc=5&hl=en-PK&gl=PK&ceid=PK:en,Europe,,,,,AFP Relaxnews,afprelax_2025-10-22.csv,,Colman Murray appointed Global Brand Director of AFP-Relaxnews - afp.com,,,,,971.795017358512
Medianet,https://news.google.com/rss/articles/CBMiVkFVX3lxTE9tT1RLdjVReGJSS2ZDZ09zZmRZSkpONXV2cU5Gd2YxSFJyaV9YNmJ5bUhPZDQ5RG42QVFQRVc1enNtcnZyZ2Z6dWc1U0t6ZS15QTFkeFVR0gFmQVVfeXFMTldrQUFPbFFKb2IxVThjVW5taXFZRHl3THA2YXhJdGFadkltSEk1ZVlwMmRJV0FDY0R4eFNLMkFLMzdta3E3ZS1NcFg2cWdQNVJjcmJRZHoteFFpU1pBdThBODRFZ0pR?oc=5&hl=en-PK&gl=PK&ceid=PK:en,Australia/New Zealand,,,,,Medianet,medianet_2025-10-22.csv,,"Journalist Spotlight | Interview with Steve Hart, Anchor at WIN TV Wollongong - medianet.com.au",,,,,766.9603082135183
Medianet,https://news.google.com/rss/articles/CBMiVEFVX3lxTE1WanlZQTVSNC1qV0E1VU9SUjVzRV9sX2hCQmtubFJoMWl0eVNXYXFhdmlkdi1zVW1fUVhQSWRKczFjUmF1cDZad0kwcERXeFFOOWF4bNIBZEFVX3lxTFBlaThoVWN6U0J5ck11Y280aXdnazNhbDUyOXlHeUJ4d0pEWGFxSl9YdGxhbWpEU0dSOVZXbHpHTnhDdDM1bHlnX2RRR240bTdFYlM5SVE4T25jUTR5Qm83ajVVTEw?oc=5&hl=en-PK&gl=PK&ceid=PK:en,Australia/New Zealand,,,,,Medianet,medianet_2025-10-22.csv,,"Interview with AAP New Zealand Correspondent, Ben McKay - medianet.com.au",,,,,766.9603082135183
Medianet,https://news.google.com/rss/articles/CBMiWEFVX3lxTE1YbmpqUy1Jb3o2VE5LVEtLeVhmNlk3aGtUT0xfU2p0eS1kcGJQS3V5ckNtMHZyOWR1RURGU2NRcWdSMlhIYUdtVDhmLVZmRUxibDl6N04tMVjSAWhBVV95cUxPQzBrWFVyU0lQUktkQ09ZcVRjR2FGN2o2d2p1TDd5ZmNiMmFjVjZ5cG5nRWZxZkZ6bjBIaDN0MGIzUGhuMXVhdHdFNDIwOTNmdmZoOUFURUJ1NkdycndLa3RaWnQtaTNVTg?oc=5&hl=en-PK&gl=PK&ceid=PK:en,Australia/New Zealand,,,,,Medianet,medianet_2025-10-22.csv,,"Journalist Spotlight | Interview with Lauren Rouse, Freelance Writer - medianet.com.au",,,,,766.9603082135183
Medianet,https://news.google.com/rss/articles/CBMiWEFVX3lxTE05Y21aTTZtazNJc0pGS0w0THMwYWZiaTl3SGFKUGdRT2dlT2ZjU1RsVEZROGstNXF5eVM2TDl5U2F6X2xnQ29PMk02OFE3dzl3UFBzbHVjYzTSAWhBVV95cUxQczYwSThiRXdKRkhYeG5KU1BEc0MwNnFtUkpfMm94cFhRLUItT0lhUHh1Q1ROazRfaG9EX0xDQzlfcmM2VUUxejdJX1ZpcnRmYkdJM3VuUHkzQWlhUUR4S2M3QWQ0al9PbQ?oc=5&hl=en-PK&gl=PK&ceid=PK:en,Australia/New Zealand,,,,,Medianet,medianet_2025-10-22.csv,,"Journalist Spotlight | Interview with Dane Heverin, Digital Reporter at Fox Sports - medianet.com.au",,,,,766.9603082135183
Medianet,https://news.google.com/rss/articles/CBMiWkFVX3lxTFA0YlpKc3ZlWlkzMWQ3S0o2bEdzSi1YYVZpbUJnYzZXcGZNN0tNNVhVdk9YMW93OHd3RWkyaFJvaThuVXIxTGpMX2swY21xV1NkVDdpOFpWaHRmQdIBakFVX3lxTE9VVFZYWU1QNmQwMDBkMWRkRWFzVGhqcWVTaGdyeFR0V01Gc2N0RnViTkRnNUh5TlVFWEFWel9GcnR3azc0VnpiUkN2ZGRVRXdzeVZydkJ3RlRiZEwwc0U3Tm13cnNXaFFsa2c?oc=5&hl=en-PK&gl=PK&ceid=PK:en,Australia/New Zealand,,,,,Medianet,medianet_2025-10-22.csv,,Outlet Spotlight: Travel Guides - medianet.com.au,,,,,766.9603082135183
Medianet,https://news.google.com/rss/articles/CBMiVkFVX3lxTFBkdXZFajBDQk1oMk0yYnFnZHBnb3IweEZxREZLazlDa0dXa014LUFvRlBiTWc1NllMek1Lek9VZXBPTV9sYkJKMHZ3ek43ZldBdmxGc2RR0gFmQVVfeXFMTXhsZm81bXh1N3JNMFJMdURoNzNTRHdYSmY1N0FwblRWQ0tJZ3huZzRPWXRpSEYyUExybjFkTFliUmtiT3FCU29Zam5ZRnlkaVBrMUpnTFNBNWpPYzRCN2RFWjZ0UTNB?oc=5&hl=en-PK&gl=PK&ceid=PK:en,Australia/New Zealand,,,,,Medianet,medianet_2025-10-22.csv,,Ruby Innes - Writer at Kotaku Australia and Operations Officer at SBS - medianet.com.au,,,,,766.9603082135183
Medianet,https://news.google.com/rss/articles/CBMiWkFVX3lxTE9wc0dwSWVEMExXRnBSWXhLSmJIdFBGUnRNanJ4bDNteksyREpwQWdiU1ZfMGY1LUpVTGhfYnhnb05oYjU1NlFkNlEtNXF1cW14UnBwUTAzdHFld9IBakFVX3lxTFBrZW13aGhnakdUMmwyYll0Y0U5Q20yVTdoenpiTU9nRXFPUlRfdVNrR05uU0x2dlJKd2FoMV9MNktXVWROZktvZGRhX3lva1MyY0lDeHRkd1J6SWFMSWtyNzNycTVPSUVmRHc?oc=5&hl=en-PK&gl=PK&ceid=PK:en,Australia/New Zealand,,,,,Medianet,medianet_2025-10-22.csv,,"Journalist Spotlight | Interview with Courtney Kruk, Managing Editor for RIISE - medianet.com.au",,,,,766.9603082135183
Medianet,https://news.google.com/rss/articles/CBMiV0FVX3lxTE9BcDJQbjVVbHdPWUVUVWtZQmNTRXJzdHlsbVoyS1RMYXFZa0xPaTh5d01MUlNEbjE4OTctSHRDX1QyWGxDemE3ZmN2ZzJMdFN4aFNaV0dhY9IBZ0FVX3lxTFB5NVZDWDNIMDZpWm9icnRxc3dmNFoxREtSU3RGRlJMemlid2w3N0FNaXU5RThNNF91RmE2WGxsUFAxSzlrVjhjZThjUlZmVUM4aFREOERfM2tBQzdvQkFlV1IxSFdiU1E?oc=5&hl=en-PK&gl=PK&ceid=PK:en,Australia/New Zealand,,,,,Medianet,medianet_2025-10-22.csv,,Interview with AAP Sports Reporter Shayne Hope - medianet.com.au,,,,,766.9603082135183
Medianet,https://news.google.com/rss/articles/CBMiWEFVX3lxTE5JMThwOHlpNzRsNF92MHNIYlhMcGtHLXB0bGZsMDk5bmJKY3BGdXJZUTYzWGwyYzlWQXRUd1J0bXllTmtHN3JHQ3BidGx5SE15TnBBaHYyY27SAWhBVV95cUxNUUFwU01UMEp1ZXAzSGRuV0luOVNQNF83S2lPTFF3ZEo0TnBIRFJ0UUJ4YmZ6cm5DMGE2aGNkX3hqSl9FQkVXNHpzWWhJZXE0OUNFUjlrejNxZVowZlBZNVFuQjNzYTBjbw?oc=5&hl=en-PK&gl=PK&ceid=PK:en,Australia/New Zealand,,,,,Medianet,medianet_2025-10-22.csv,,Olivia Ralph - Acting Chief of Staff ABC Western Plains - medianet.com.au,,,,,766.9603082135183
Medianet,https://news.google.com/rss/articles/CBMiqgFBVV95cUxQOExEM3pDUWphYU9rc3VVd1FIZ01uTVpzcUFaSFNHdklRVFJPQm5ONHIyMXZYaTQ5aFVEUG0xQkF1RjRkcXlBMDJVVlRSRzRzODdTRXlTTmV0QWVFV2pjNjlPUUV2NElUaUhnTzJDbE44YThwWUxnaDIwenlwMDN1cE9QSTRmMGpMcHhPdENoc1VkeW1VWmVYRHdsNzhYNjM3aEZ2V3BFdDFXd9IBugFBVV95cUxQZVl2TGpGU3lDUXc0MXZCUkVGUklCWWRtVVVGNnpJV3ZZaVcyMEFUcXpkMVY0Zm9wRDlXeUkyTnJXbjJ2VXZ6LXQ5LW1jNGxBbTlYS0hPMUN4WXM4Y05USVFDeXJLM05qemFBV0VfVHlMemoxbnZjVVBTNlB5N19OWUNjSHhiZVpKT1hpa2JpbGtmS0I0Vy1DR3l2NERZdkxpdm9sS0hmTDNqREtETXFXeFB0NlVaYVlvNEE?oc=5&hl=en-PK&gl=PK&ceid=PK:en,Australia/New Zealand,,,,,Medianet,medianet_2025-10-22.csv,,Amrita Sidhu on authentic measurement: Aligning data with purpose in comms - medianet.com.au,,,,,766.9603082135183
Latin Press Release,https://news.google.com/rss/articles/CBMilwJBVV95cUxPVTlsaHBHazdFdnB2eXJzamNGcmxEZm9tOU5BNm1xOWRZTEhwZ2NDRVpQQmRZaEMyWmtjem9DSWZfVm1qWk9YUjNCT0pTOEt4TXpyLTdSRUVGMFhQa3RtZlo4aUN0V056S21yN3luNzRqdXFGOTk5SlpnZXlTd1NPYVZMY0RaVGFkZmQ0dTJMM3NaZU1ydzZzRHpja2tfNXdlYmp1X0Y0dFJNN3Z4UG1ONXNsQzBDMXNEVlhOVXZXZ3JIbkVuRFdWZ09RN3c0eXZ6OHlXNkkzU2M0RTRoUUplNmdsNVJBYVg3M0hQYjl2RDY0cHNLVjdEQ2ZiRzlpcW54RWdieEhOc1UwVFpEeTBzOU9jUVNVYUE?oc=5&hl=en-PK&gl=PK&ceid=PK:en,Latin America,,,,,Latin Press Release,latinpress_2025-10-22.csv,,Habi Raises $200 Million Series C Led by Homebrew and SoftBank to Become First PropTech Unicorn in Spanish-Speaking Latin America - Business Wire,,,,,766.9603082135183
Latin Press Release,https://news.google.com/rss/articles/CBMi0AFBVV95cUxPWWdRNDlaWkgyT3RKTmFFWGlyYVF1aHd5elVjeW5QSXFuOVZ1NnRtU0xsQ054ZS1sRTFWUm9xUUVWRmtjb0Y5dTVubmtVYmkzQVRBdmtsbU5hd2lBQ3hPREtYaUJ0Z2VpcWM4ZXlleWVlY3dDa1BzUTBva1EyaG1mS01vU1hkTy1yY1MtRmhTNjdnRFpSUC1vU2ZQX0lvUDNiTlA1UkxTNEx6UW9Jb3lHUVh3UkxLNkJUY2ltNFZ2bFhwYjVObURYSWEtTmtwaVFF?oc=5&hl=en-PK&gl=PK&ceid=PK:en,Latin America,,,,,Latin Press Release,latinpress_2025-10-22.csv,,Emergent Cold Latin America Enters Guatemala with Acquisition of Bodegas Frias - Business Wire,,,,,766.9603082135183
Latin Press Release,https://news.google.com/rss/articles/CBMisAFBVV95cUxNb2p0dHJyaVJmYTc1Ul9PWDJTSWM5RU5Ka3owOGh4elBxcUtTSkZtSHRZV0Z6Q29hbEhBY0trX3pFc0lEWGVDenB3RjdOT0xUYm5rTmk5UFVqaklwZFJ6eHBhdnlMRXUyWVdnZ1VTeEdwcjNiYUp0SEpwbGw2bjR4NmJKOXJuVGtJdjY5bjNsTU13MlBtUG1tdzczVEdmN3gxWUFsTU9Sb0lWQnZjZWxrZA?oc=5&hl=en-PK&gl=PK&ceid=PK:en,Latin America,,,,,Latin Press Release,latinpress_2025-10-22.csv,,LIBERTY LATIN AMERICA ANNOUNCES EXECUTIVE TEAM CHANGES - Business Wire,,,,,766.9603082135183
Latin Press Release,https://news.google.com/rss/articles/CBMiywFBVV95cUxQWGRQQThVQVRLZG1MRDBZdU5WMDI3cnNlTjR6TlZHTVB0ZGlZNng5a3Nfb2ZQbGw1RXJuVE00SFdmN2JUeVNkYWNJalVEQnZJOUYwaHlFSG5JNE1rTklrb205RnFiMkJzTW9CekwzdG8xRHNMeTE2Q0FMTFdDU2loLWo3MUpVUk1rWm5fY2FOTW5BNnlrYWZjcThYVWM5NGhNMmpCQTNlM1piQnU3ZUJQa0dXXzVHTVNSN0t5MkdhRFlncXVhREtwRmNncw?oc=5&hl=en-PK&gl=PK&ceid=PK:en,Latin America,,,,,Latin Press Release,latinpress_2025-10-22.csv,,"Dock Raises $110 Million, Bringing Total Valuation to Over $1.5 Billion - Business Wire",,,,,766.9603082135183
Latin Press Release,https://news.google.com/rss/articles/CBMi0wFBVV95cUxNUFpGY0loMVVWVjFrWXU1Vl83TWppRjVDTmFZSVVmMHREaDlCLTliUjFIcFY4cDhZLWhCbEkzYVlSWU1zdXFyNlh1Z0hZaXRSb0NOelBMVElLX2Y3N2h5czZfeHBVSFczV3VLb09fUjdaWklmU1lVNV9fLWZNaExaUG9hbUdaNjlaQ1k1Sk1NM204UU16cV81MEJXY05LYWxMUVA0a04wOTZLbzZiOENONjVRZTk1dG5BMWlJRmZOZjlOSC02VVJGOU5uckpGVFdMTGhj?oc=5&hl=en-PK&gl=PK&ceid=PK:en,Latin America,,,,,Latin Press Release,latinpress_2025-10-22.csv,,Cable & Wireless Panamá Completes the Acquisition of América Móvil’s Panama Operations - Business Wire,,,,,766.9603082135183
Latin Press Release,https://news.google.com/rss/articles/CBMiygFBVV95cUxQRmYyb251Mm9jbGRNTUdXVGZaY0VWTi15Q1dVdFZodFJsNURjamloRGNWaF9hUEg5MmM4U19pUGJ6N3BzOWRROE9YS2NJNGlsdFpoNV9MNDd3Y24xbnQ4dG5ONFZReDZOX21YTmtYeDBxWmtBc2N2ZDBrSWpUZEh2R3Y3dkZUUVRKZTBkaEJNc3ZjSmNtTEZ6MXJKYWpOZ0F5eVNsd0RzSTZ4RzlYcVlnU1lMOWNiQTA0Nm5uc21SYzRuLWVsVmxTd2Z3?oc=5&hl=en-PK&gl=PK&ceid=PK:en,Latin America,,,,,Latin Press Release,latinpress_2025-10-22.csv,,Liberty Latin America Appoints Roberta Jacobson to the Board of Directors - Business Wire,,,,,766.9603082135183
Latin Press Release,https://news.google.com/rss/articles/CBMi5gFBVV95cUxNbXpsZlFudnotWUFTX1JrLVVPRVNuc1ZvelNxN0xPbWRnZ3dyZ1BIcTdpb0N4LUNvWFN6SkpxOTc2MDFCQVdWdGduY2luRnRZS0pOZHNBdnN0cUlBcEt4dWM0aC1uMHhHdjJncEg5endsY1RneThCc3k0d1NCTXlHd0s1U3dFZ1ppMHc5MDlXcTBNTGRtbldRRy1FWjJibThiRllyLV8yVzlJaUM3TTdPZF9KM0RhSUtqWFFMNWtCb3Z3dUM1TjU3QkxHVU9ZOFdabEtlMEU3UmFKVWdoemFzM2JOVWI1QQ?oc=5&hl=en-PK&gl=PK&ceid=PK:en,Latin America,,,,,Latin Press Release,latinpress_2025-10-22.csv,,SPARKLE TO PARTNER WITH LIBERTY NETWORKS AND GOLD DATA IN NEW PAN-REGIONAL SUBSEA CABLE SYSTEM - Business Wire,,,,,766.9603082135183
Latin Press Release,https://news.google.com/rss/articles/CBMi6gFBVV95cUxQOEhBSDRZM2loWFhacmU2QmU1Yi15ZmhmeHdJVkxlZTJjLWlPTE9jcGZ4dk44cXFzN1lYZ1VHb2tkMU5tSXBJOGY5TFgxTUJ6U2RMMEpSTXl0TEZlSU1nNFpzOENkNFZBa2hYVnZCRE05c1VaeFFTOURBVi1aXy0zLTNWQktXWDFWSUNlWnNXbHpwaVZQb3h0cXVSZXVlVmp4S2FXNm1vcmE4UkxPQVN0cWtrRjI1Y2lPRXUzX2gtcTZncmo2bmV4bjNfQTl4OWFKdS04YUY5NnpIZVZ3OUdER09oTFl2U183N3c?oc=5&hl=en-PK&gl=PK&ceid=PK:en,Latin America,,,,,Latin Press Release,latinpress_2025-10-22.csv,,AHF: Study on Impact of Expanding Access to Lenacapavir in Latin America to Be Presented in Mexico - Business Wire,,,,,766.9603082135183
Latin Press Release,https://news.google.com/rss/articles/CBMi8AFBVV95cUxNVjFMaEEyU3Mzb0hNZnI2clBRVXN6cklCS0dBRGU3ekNxdTd6QjNrX0o1dGhEUFRyYklIQzFZVmRjTGUxZG85aUcyRWVPUlA2MzNZcVE1aF9FSU5STTI3bFFrcndFeENQMDB0ZUh0SWtEVnBvazVnZU1fcGxjdVBqTUNtYUdaa3RGQ2xhbU5qdDdiWlRfRmhpMjdMd1Q2ZENrNi02RXk2RHlQZzVnQWhLWEg3SHpTbGNJcG0yRVFLczgtYU5zY0d5VkJmeUhrX1ZoS2ZPdDJoZE1DUGtsZzBKekpFLTdTU1pERmMzdmg5NEw?oc=5&hl=en-PK&gl=PK&ceid=PK:en,Latin America,,,,,Latin Press Release,latinpress_2025-10-22.csv,,"HireRight Acquires BGC Brasil, Expanding Services in Latin America’s Largest Background Screening Market - Business Wire",,,,,766.9603082135183
Latin Press Release,https://news.google.com/rss/articles/CBMi2gFBVV95cUxNX3B1bzZmWXpkUjNpSmNCbnZpUmY0Q2pRVlZadG9ZcXN1VkFwLU1OUHU4a056VHgyazNCTm1WX2ExWXFUREdUSXZINkd6bm5YQ0hkOEIwTHRSdEhHSEZNVzUzdjR3aC1lNjVTMXd3UFJxTjZVZzdpUUw3OTZnZGcwbmlfbXFEM2FaRHJBX2VaQkpZRXdMUF84MVpXN1JpY2lhdjZqb0Y1Z18xTE96azFVc3JQTkczdU9oVmh6S2NTQ0tGZE4zQmZNTGl3ZjVBcklua1BnZ3hzd25ZZw?oc=5&hl=en-PK&gl=PK&ceid=PK:en,Latin America,,,,,Latin Press Release,latinpress_2025-10-22.csv,,LIBERTY PUERTO RICO SUCCESSFULLY RAISES NEW FIVE-YEAR $250 MILLION SECURED FACILITY - Business Wire,,,,,766.9603082135183
Latin Press Release,https://news.google.com/rss/articles/CBMihAJBVV95cUxPR0ROc24zd0FndFNEenhqOGpWZkhTbnFoc0ZFLUdRN2dJRXhYbFRvUEQxUWR4V3FTTWRXVnlNR2NiYnU3Yy1CdHV2LWdELWtDWUlzR0Z2YUtSaTFFX0ROQ0hvdXRRQko3eWtmSUhQSVRXQ1VrYWoyYzN5MmZ3TUNBQ0JsWFRhNFlUdkhqdjdkWUFlaWlMOHZ3WVU5d2NLZ1FuNUU4bTEteWZCcmF6NVVQYURXbGVBMjNTQmZaVUF0TVQzSnh6QkRBQnMtQ3hhZXRIZlBQWng0OTY4cVgxNEFNSFBzV3haclJPY2pSOFpqaW9QblJpMFNjYWdmb3MyaXdkS1dXNA?oc=5&hl=en-PK&gl=PK&ceid=PK:en,Latin America,,,,,Latin Press Release,latinpress_2025-10-22.csv,,"billups Accelerates Global Growth with Strategic Leadership Appointments Across Latin America, Europe, and Asia-Pacific - Business Wire",,,,,766.9603082135183
Latin Press Release,https://news.google.com/rss/articles/CBMigANBVV95cUxPeWYxbVAwSENJNExVdUpianNXQlJxTXRvZ3hWZC1uUUNTT0JMME1CM2d2YzFsYVpYd0ZJSV9faElaSkVmX2h6V1REaXNaNzl4TnRjQlVFU1VsTDd1RVZaS21kVFBtdVBnWVhnbEhMUmJTVTlsUFpvdWdLSnFYX3ZIU3ItNzhYRDBkSmZmcE9sX0RXcGRQYmtqSDNKUnB4TmNnNm82SHhRWE4tTlc4RlhFaHROZXFnaElIM2ZJdTlFSzBWVGZETlJtaFhQQjJoUU5admQyQjJmNVMyZVVaaEtBVXRvOEVWcUhJbjBZRmUxRTBuUUFuU25WT2dVbXE3ekJMNURkZG1OT3JnS1lhd2xhcUFkWXZNSGJxWkNCbncxOGh0WHVMUDIxWGUzU2o4ZVdtd1UxVks4UW1FanBfMWF3YU1FR0V6X053WlBsSU1sSlJhMjhEQnZ2Y3Y4OC1IaGtfUlRUSFByQ05jbGZNWl9tSktmdVNFa1F4RWdPOUdWOGI?oc=5&hl=en-PK&gl=PK&ceid=PK:en,Latin America,,,,,Latin Press Release,latinpress_2025-10-22.csv,,"Latin America Data Center Colocation Market Industry Outlook 2025-2030 | Key Players Such As Ascenty, Equinix, ODATA, Scala Data Centers, and KIO Networks are Leading Large-scale Developments - ResearchAndMarkets.com - Business Wire",,,,,766.9603082135183
Latin Press Release,https://news.google.com/rss/articles/CBMi5gFBVV95cUxQT3UwREtxcm80MEh2WUV1ZzVfeFdMenNLT0lqYzZKS2dXeEdaQW5sR0Q2MHlXb19OZ2ZoNC1vbnNBcE1IZ0VGUzRXVTAzeGhQVUZtMnF3dlp4aTMwWGE2UzBTZXNWeUFZMUpxa0pIZkVqQWhfRkg1NzM4aEJqZjlqMFlGREZtclc1aDVxNHRfZ3c2TS1hVTM4VmFnVXA2UkhsRXlrUkVocUJWZVNvaExxTjY1SFp3YzRmVHpqSTNWa0FKbGhSc0IxajIzODBSX3VCSTZQcFVhNzNIQzgzQ0JPOWNfMk14dw?oc=5&hl=en-PK&gl=PK&ceid=PK:en,Latin America,,,,,Latin Press Release,latinpress_2025-10-22.csv,,New Roquette Pharmaceutical Innovation Center to Strengthen Latin America as Collaborative Hub - Business Wire,,,,,766.9603082135183
Latin Press Release,https://news.google.com/rss/articles/CBMi7wFBVV95cUxNVHNVNjRJN3hHZjhLaG1lRHhHTWhSSzlRWjczUmR6azR5eDV6ZVlBQXZmeDhuM2NPR3dKUGd1NmxsSS01aUd2VHctTFhGQmRzcFZzNTA5MnNTVldXVDlsQkxGd0xybXJPMi1OZUNuLW1WMjZkcElSWWV2YndYbWFLRDZXbTBnYW5vQUFFS21QbVY0a1kxQ1JZNnNoVS1PSFFOYWFCSUMwdWhYLVZ1RFpqNUt2VGFMLTFXWGlZV3FDMVNtMWwxc1ptV3BxWXlyalpVb0ZaVFVVTWtxNDc2V1hrMG5YMWNtcU9kS1ZkR3c4dw?oc=5&hl=en-PK&gl=PK&ceid=PK:en,Latin America,,,,,Latin Press Release,latinpress_2025-10-22.csv,,ACI Worldwide and Prosa Redefine Payments in Latin America with Groundbreaking Infrastructure Upgrade - Business Wire,,,,,766.9603082135183
Latin Press Release,https://news.google.com/rss/articles/CBMimAJBVV95cUxNQmV1TjhWNlAtR1BmX0pRU0FYQmxzWnJGTmpuNHcxV01Fak90eWJnMlJuQTBkOXZUZzF5dkhaWlZNSTlic05iN2xwQlZLTXI0MlotUmY3dk13UmZNTHZDblM0VzM3VDFIM1ZyWnZ2YndCdWZheDF1b3lyRDBhQWdRbVVVZ1Q2Tm5ITTY2TG9QZDZEcy1teDFoMUhDNGptelBUUFU1T2xVVTBXSlIxQ1N6bkh0QnFDRmt3ekQyS3FyLVV5T3hfdkF1YnRrTTRLMTFpTDZtVGJjY20tTDV0SWlLRjFEMlBaWUdwUHBzcElOTzdUM3VocGprQjczY1J0WWc2SnVmd2t2alprdkhDX1lhak9aSUtVOVo5?oc=5&hl=en-PK&gl=PK&ceid=PK:en,Latin America,,,,,Latin Press Release,latinpress_2025-10-22.csv,,"Summit Therapeutics Reports Financial Results and Operational Progress for the Third Quarter and Nine Months Ended September 30, 2025 - Business Wire",,,,,766.9603082135183
Latin Press Release,https://news.google.com/rss/articles/CBMi2wFBVV95cUxPMUVxMEpiNzRkX2doZ3ltMHpKZWFMLWFtdHVFNTNybmlsYWh6dFE1UzlsSUZJT0VQUktMUmNUVUVnQmRqOEFTWW9pZUhMNlNLOWFrTWNoU1UyX051OU55LTJIVFhOZUEyaTFVS0lMNW5MZVZKVGNKeElEaV9KLXJCNlRUbkJBOWh0OWFjLVRZbkFCRlBwRThTcjhLU2RFN05SOUlVeEoyblQ4dmJLUnpOMlp6bXpuUXk3bHZCQXBhNE5vbTNOc0psRXM5ZWdLSkpoaGxEa1pKSzlhckk?oc=5&hl=en-PK&gl=PK&ceid=PK:en,Latin America,,,,,Latin Press Release,latinpress_2025-10-22.csv,,Weave Bio Secures $20M Series A Funding to Enhance Its AI-Native Regulatory Platform - Business Wire,,,,,766.9603082135183
Latin Press Release,https://news.google.com/rss/articles/CBMingFBVV95cUxORTJaTVUwcHdMRmgwQVhOenpETFFkMGpqLThqYjgybVJWbTZPVW9rQURNNGxGX045dFc5Z2FPeHJIcGtUMlVSbzdITUdWTUNwREtYNHo0Y1hkTTdVS2dxRm9LNGtVUlh0QWxjajY4T2g3UlNKalZnS1gxZzVac0xLQUVlNGpSVnRqeWtQd0ZxMVk1VHI4cUxzWTFBeE9jUQ?oc=5&hl=en-PK&gl=PK&ceid=PK:en,Latin America,,,,,Latin Press Release,latinpress_2025-10-22.csv,,SLB Announces Third-Quarter 2025 Results - Business Wire,,,,,766.9603082135183
Latin Press Release,https://news.google.com/rss/articles/CBMimgJBVV95cUxPeHc1WlhyR09EYUxGRFZTRlJ3Zkh5Ml82cjVELWNvelFLTUhNTElydEZXNkVXNGdFcm5lWk1jVWpFZ29SdXJWc2JyVFlhWlpvZmppNGdld3c1akh6MDB2VFM0djc4cG5NeHJiN3dzUTgtY1UxRnJUZEIzZ3ROdExvdXNjaFpYTXBfdHRaVkhPTGxCWm91U0xUdFIxUDhpOHlkMzM4VGo5UmlwUUtsRkFjaFFicFByYkpIQ2pCb2RkUjBGNDJBbGI0Q0pINlk3Q1VvbnFmeWdtV0s5dmxOUW9KanI4STI3MGtxSl92d2k5OGtFYmo2UlpvNDFQRXV2Qnc1SHhnUmt3bU5iT1hYcUVyb0VUUU1EUHNiQmc?oc=5&hl=en-PK&gl=PK&ceid=PK:en,Latin America,,,,,Latin Press Release,latinpress_2025-10-22.csv,,"AI Infrastructure Partnership (AIP), MGX, and BlackRock’s Global Infrastructure Partners (GIP) to Acquire All Equity in Aligned Data Centers - Business Wire",,,,,766.9603082135183
Latin Press Release,https://news.google.com/rss/articles/CBMiowFBVV95cUxQQk0yQUlNMUk5WVFaaTNUMHlucXR6a2dlUHZtMzJRdFg2RGxFeHRuYXBtLUI5WmdZR0hod0RpbWxpRV9PTVFKRml3R2RLU25YRUlzYUw4OW5SdXR3ekhBUjVZcmx2aUZSNG5OWnFGRzFLalRKNHRMbVlxOHZ3em10NzZPb1IyMnlUeVVQRHZLTWI0SGVJRlhZdG1DRDktRTFmbllB?oc=5&hl=en-PK&gl=PK&ceid=PK:en,Latin America,,,,,Latin Press Release,latinpress_2025-10-22.csv,,Coca-Cola Reports Third Quarter 2025 Results - Business Wire,,,,,766.9603082135183
Latin Press Release,https://news.google.com/rss/articles/CBMiqAFBVV95cUxNaHpiVkJzc0dOVXRWMmhQOTlNTHVBZzNWREVRLWlGeGJDeXlZT3Jvam9XOVR2SmlUaC1PUzBvV2pJV3RUSnNSbmZwaHpJTDFta0hWTWJtc2x6N2NQeVVKeHllNWJCdWhnaThpbWZjelJhVjRQV0t6ZWhGTksxQ2VlYWg1a3MzVjZyRUVib18xUVB1dXpjMVpoWG9neVdxT1RHRjBxYkhFOXI?oc=5&hl=en-PK&gl=PK&ceid=PK:en,Latin America,,,,,Latin Press Release,latinpress_2025-10-22.csv,,Halliburton Announces Third Quarter 2025 Results - Business Wire,,,,,766.9603082135183
Kyodo News PR Wire,https://news.google.com/rss/articles/CBMib0FVX3lxTE5LaGxmb3EwSTgzdVk0UDVibG92ZXpRZFQ4a3UzUXk2VjV1bmRkSFg4OU5VbHV1bmlla0hoYU1jbTVlOGhfenR5bTBmclNYbThrZUJDaE1iQ1RVVDlQRDAwaF9UWnlhdXpoQkxzcDhKYw?oc=5&hl=en-PK&gl=PK&ceid=PK:en,Japan,,,,,Kyodo News PR Wire,kyodopr_2025-10-22.csv,,"ABOUT KADOKAWA ASCII Research Laboratories, Inc. Based in Tokyo, Japan, the company is the executing agency for the INNO-vation - 共同通信PRワイヤー",,,,,766.9603082135183
Kyodo News PR Wire,https://news.google.com/rss/articles/CBMiW0FVX3lxTE5nSUpzYk1oMThrUFdjMVJCMnp0cjBvNEZmeVN2UmxMdVV3ZmJDSFoxSmhGQzB2Yks0TF9pdzhKczQ2MzR0eXhQaEJ0LUQycldwdExFdzJBaUNkWU0?oc=5&hl=en-PK&gl=PK&ceid=PK:en,Japan,,,,,Kyodo News PR Wire,kyodopr_2025-10-22.csv,,Nitori Group Accelerating Store Openings in Asia: Launching Its First Store... - 共同通信PRワイヤー,,,,,766.9603082135183
Kyodo News PR Wire,https://news.google.com/rss/articles/CBMiW0FVX3lxTFBHYkR2RUV0WFA4UzQtTGFfZUhuOEs0UzFqT0o4Nl9OS2V6ekZLcERURkpGcGNEalQ1ME9DY2Z4UlB0UEZCTXRtRWFYbGhWUHZZZnJSUFBQcnc0bkk?oc=5&hl=en-PK&gl=PK&ceid=PK:en,Japan,,,,,Kyodo News PR Wire,kyodopr_2025-10-22.csv,,The first collaboration products between the Japanese brand doublet × Colantotte - 共同通信PRワイヤー,,,,,766.9603082135183
Kyodo News PR Wire,https://news.google.com/rss/articles/CBMib0FVX3lxTE9wN3lDN1JTZ1lidjBWLUtpYmpWclRuRzZZU1VmRi1mR19mQUJEdFlDTG5wdG1sem94MTNlU3BQQXVsTWx4N2V6MU55Tk9OczJ1bGVNRjUxWF9peXVJeWc4REtNblRhNTg5UVVZUkVWOA?oc=5&hl=en-PK&gl=PK&ceid=PK:en,Japan,,,,,Kyodo News PR Wire,kyodopr_2025-10-22.csv,,"[Scheduled start of business] January 2021 [Description of business] Import/export forwarding and CFS services for ocean cargo, - 共同通信PRワイヤー",,,,,766.9603082135183
Kyodo News PR Wire,https://news.google.com/rss/articles/CBMib0FVX3lxTFBnZVNueWNUb2pUdzB3ZWIzMjJKak9tT3RrWG1MT2FmNlNlYmE3RUJIeGZGbFBieU9JVkZRSUJ4eTh6OFRhVEFkbnViRjY2ZWpXLW92RV93SkN0QklUNWNYZDY3dTgwYWhmeXBzS1NyZw?oc=5&hl=en-PK&gl=PK&ceid=PK:en,Japan,,,,,Kyodo News PR Wire,kyodopr_2025-10-22.csv,,[Details of transport trials in Malaysia] Route: Kuala Lumpur (SGW) ⇔ Padang Besar (PDB) Schedule: (Outbound) Departure from S - 共同通信PRワイヤー,,,,,766.9603082135183
Kyodo News PR Wire,https://news.google.com/rss/articles/CBMib0FVX3lxTE11cmo5U1BpVVRCa01ISkh2TDJ6VDdQc1lMdnVrQ0JGM3VJVjM5VGV6QzAyRDlPZTNPSVFGZHMzNU8zcWN6X0RaaFBqQVFVOXBjNHF3ZXJTem5RM05qeVVuODhQa1dqejRtNFA5OEJxNA?oc=5&hl=en-PK&gl=PK&ceid=PK:en,Japan,,,,,Kyodo News PR Wire,kyodopr_2025-10-22.csv,,hololive production hololive production is a VTuber agency which consists of talent groups such as “hololive” (female VTuber - 共同通信PRワイヤー,,,,,766.9603082135183
Kyodo News PR Wire,https://news.google.com/rss/articles/CBMib0FVX3lxTE1EZDVxM2UxTWp5bjF1U05XOUJJYkJoMVVjVG10NTJvYV96a2oyTUtzOS1iQ3JUWTU4X1pOUHlVWFItMWNtT3Nxc1BaTC1Ua2p0TkFKV1NfSGNvR0dsN3VTclFTc3J6YnlELXdvUE1VOA?oc=5&hl=en-PK&gl=PK&ceid=PK:en,Japan,,,,,Kyodo News PR Wire,kyodopr_2025-10-22.csv,,"Company Profile of Toray Carbon Magic Co., Ltd. Establishment April, 2013 Representative CEO, Representative Director and Presid - 共同通信PRワイヤー",,,,,766.9603082135183
Kyodo News PR Wire,https://news.google.com/rss/articles/CBMib0FVX3lxTE9PQ3g5OW9ySlE5UVNpaGMzU2NncHB5MHcxTmF6cGVpaFJXNXp3bjlFN2htYUZtWVBDSkthZFdnVVpQZ3I1Ylk3a0IzazlvZ0NPOG9fSXpEaVVEaXlFTkUwaHBmOG9BQ1VNSThPUnVfTQ?oc=5&hl=en-PK&gl=PK&ceid=PK:en,Japan,,,,,Kyodo News PR Wire,kyodopr_2025-10-22.csv,,"1. Award granted by KMUTT for our collaborative research initiative In 2022, we were granted an award by King Mongkut’s Univer - 共同通信PRワイヤー",,,,,766.9603082135183
Kyodo News PR Wire,https://news.google.com/rss/articles/CBMib0FVX3lxTE5zTVhMUEJOcmc5d05hemItQ24tSXd0RWdsOGdIbGlOUU9EekwtRWFpOW9pQi1Wb3h3dld6ZkNiZURWOWNhNHZ0SGpwS0ZCSUh3M2VRUWRFRFNZSTNXdmp0UC1LamtBYVg4MUxOQVJiaw?oc=5&hl=en-PK&gl=PK&ceid=PK:en,Japan,,,,,Kyodo News PR Wire,kyodopr_2025-10-22.csv,,MITSUKOSHI FRESH - 共同通信PRワイヤー,,,,,766.9603082135183
Kyodo News PR Wire,https://news.google.com/rss/articles/CBMiW0FVX3lxTE1vRTdSWkNRWDlFUE9nMnBBMjRtd2owYjdDRk9lUHZPaElQc2YxUUdUTDkyanZNQVpMZzMwZ1hrdzZvdFdwendKNjliLUhzZFMzaVo1a3NObHd1NzQ?oc=5&hl=en-PK&gl=PK&ceid=PK:en,Japan,,,,,Kyodo News PR Wire,kyodopr_2025-10-22.csv,,Toyo University announces Global Innovation Ranking 2019 for 60 major countries - 共同通信PRワイヤー,,,,,766.9603082135183
Kyodo News PR Wire,https://news.google.com/rss/articles/CBMib0FVX3lxTFB3X1BkWUxCSWg0MnFSelBjdXYzd1JnMS14bHVwaGQxTU1ZcGdIMXItZElYZGJxWnBRa055ZDdLd1dVQlBRQ2dIcjdBaUp0Ri1nNFF6VGUyTldCeUd2Ui1kZk5xaHhINzROTEFYaWRZOA?oc=5&hl=en-PK&gl=PK&ceid=PK:en,Japan,,,,,Kyodo News PR Wire,kyodopr_2025-10-22.csv,,"Research outline (i) Discovery that two types of medulla exist: black medulla and white medulla Firstly, we made longitudinal ha - 共同通信PRワイヤー",,,,,766.9603082135183
Kyodo News PR Wire,https://news.google.com/rss/articles/CBMib0FVX3lxTE1paFJ4ZVBqNU1QU0s4Y25DNWQwX3JLMXFZTm9aZWgtQ3M3VTJBUHhwemwxRURTaTQwcGNiRUFkUThRSVpmenFaRWRuX0x0d01hVS15cEg2anJ4bk5MSU11YTk4b3RlZ3dTenF1amQtaw?oc=5&hl=en-PK&gl=PK&ceid=PK:en,Japan,,,,,Kyodo News PR Wire,kyodopr_2025-10-22.csv,,SKYTREE Enjoy Pack - 共同通信PRワイヤー,,,,,766.9603082135183
Kyodo News PR Wire,https://news.google.com/rss/articles/CBMib0FVX3lxTE9Hb1FrYk9vUFByVW5ONHkzN25uUGtpdGUxaEJxUVlWcHFEbXJ1SWl2WUpObENfa1ZwR0NWMkxieUduemdsd1c1Mmlycm95NVlidWRZMDJNZVlVZU96SVo4d2VfOUM4YUZuWnBLcTVhaw?oc=5&hl=en-PK&gl=PK&ceid=PK:en,Japan,,,,,Kyodo News PR Wire,kyodopr_2025-10-22.csv,,"TsuruTonTan Midtown, NY/Storefront Assorted Nigiri Sushi & Sashimi Set Miso-Nikomi Udon Shochu cocktails - 共同通信PRワイヤー",,,,,766.9603082135183
Kyodo News PR Wire,https://news.google.com/rss/articles/CBMib0FVX3lxTE8wZ1dWbHFDOXF1WDZobFZ1clFGci1OZmduWnZrSk41aFFXVjY0X0daYTNrMU4tQ1BISWo2RUZDQzYxbTJmOV9rRkpVNElFd2pLMnNwYWYwem8wMk9QV3RWTC1vSEtYaHVWQ0JOSFA5MA?oc=5&hl=en-PK&gl=PK&ceid=PK:en,Japan,,,,,Kyodo News PR Wire,kyodopr_2025-10-22.csv,,"About Kirishima Shuzo Co., Ltd. – A Shochu Distiller Founded in 1916, Kirishima Shuzo has been Japan’s top-selling shochu di - 共同通信PRワイヤー",,,,,766.9603082135183
Kyodo News PR Wire,https://news.google.com/rss/articles/CBMib0FVX3lxTE5ySVBsTFpKenJuSjcxNXRqR2FGNkJ5cVJLanJLV2kzOGhDYWM2SjJGTkN0SDFnNG41THNEY0pWeWJubTlsNHh0MU1oUndJZm1pdjBWa2xTUnRYUDlQOUJzT0V5NzBfUzVtM290RUZOUQ?oc=5&hl=en-PK&gl=PK&ceid=PK:en,Japan,,,,,Kyodo News PR Wire,kyodopr_2025-10-22.csv,,About Shiro Miura - 共同通信PRワイヤー,,,,,766.9603082135183
Kyodo News PR Wire,https://news.google.com/rss/articles/CBMib0FVX3lxTFBtdFpjNEtPSlJPVFNyMUEtTEJLam5KWTdSd2p5aFV5Tmdabm9DUDloelo2b3ZTVTNGZHRPcnlNa09sbWEtdW5DLVVVYU16NHpjcUpiWlF3aFJ1UXRIMHFHQUlMTHpBS3dCUVFadkpMZw?oc=5&hl=en-PK&gl=PK&ceid=PK:en,Japan,,,,,Kyodo News PR Wire,kyodopr_2025-10-22.csv,,"About the NX Group: The NX Group is a world-leading logistics provider established in Japan in 1937. With over 73,000 profession - 共同通信PRワイヤー",,,,,766.9603082135183
Kyodo News PR Wire,https://news.google.com/rss/articles/CBMib0FVX3lxTFBjOVp5c2dKdmstZzc0OGNZdERoTi1pOWY2Y2Qtbnl2TnBsODBlYldpcGliSUF0bHYxYjNLTjRMVGRpWWVhbmJsUHdmUmdncXh5MVdFM1dtMHdFYm9VblhGVG4yQnVEcXgzV3BHaHVWSQ?oc=5&hl=en-PK&gl=PK&ceid=PK:en,Japan,,,,,Kyodo News PR Wire,kyodopr_2025-10-22.csv,,"Tokyo Gas Co., Ltd. Headquarters: 1-5-20 Kaigan, Minato-ku, Tokyo, Japan Established: October 1, 1885 Main Business: Gas busines - 共同通信PRワイヤー",,,,,766.9603082135183
Kyodo News PR Wire,https://news.google.com/rss/articles/CBMib0FVX3lxTE9EWlFicVFnWWRTSVZhS3NuTEliOVVFS1kwSGs3UnFBdktJRGZRS2RsbUtSakRtRDN6WEZaNnB5amxGazZabjl0Tlk2dFI3UkloVllpd1QzbXpBRUd1Z2NEZzNQQXhaVWxtN2xSVkI0cw?oc=5&hl=en-PK&gl=PK&ceid=PK:en,Japan,,,,,Kyodo News PR Wire,kyodopr_2025-10-22.csv,,"About Scarecrow Corporation Scarecrow Corporation is a manufacturer engaging in the research, development, and distribution of s - 共同通信PRワイヤー",,,,,766.9603082135183
Kyodo News PR Wire,https://news.google.com/rss/articles/CBMib0FVX3lxTE0wM1B2Y1F3UW9HOUllSGpzZGd0ei1pRDdLdnQ1Uzl4R25PazA3S3FJUmZ3TFZKbXZFNlBLX3paNU5kQ1Exa3owcWROM0JHQk5PNzZMNlkwaUFWdWpzRmUzN2NJRHBpbjRTOTVlSEJ0Yw?oc=5&hl=en-PK&gl=PK&ceid=PK:en,Japan,,,,,Kyodo News PR Wire,kyodopr_2025-10-22.csv,,"Iori Matsunaga, the first act, performed ""Full Throttle !!!!!!"" and other songs! After the opening movie announcing th - 共同通信PRワイヤー",,,,,766.9603082135183
Kyodo News PR Wire,https://news.google.com/rss/articles/CBMib0FVX3lxTE5pOE5fa0o4S0ZCQWZhMU1wNkJDOTV3bHhuMGxyeUFJWFcwZ3F4REgzNGNHcjBZV0doNmt1MVdTandhbTJhdmRUejUwangwU3R2TnBYYXI5czdENzk5RkhEeVRPOVlmNkEzSzVJb2xzWQ?oc=5&hl=en-PK&gl=PK&ceid=PK:en,Japan,,,,,Kyodo News PR Wire,kyodopr_2025-10-22.csv,,"Committed to advancing health and empowering people worldwide to live life to the fullest, OMRON Healthcare is a global leader i - 共同通信PRワイヤー",,,,,766.9603082135183
India PR Distribution,https://news.google.com/rss/articles/CBMingFBVV95cUxPQ2huVHN2VGM3bmx4VXlNLTFzWFRhbDhTSVhWZnpwMjJyMlJTREV5YnR5RkpnZlFRUTZhWGlXc3VjNWwtVFEzcE5uQ1JfTk9MdlV1YVpWZ0xuLVFIOXJORlZaV1N6YmhsdmZxMWZsSVJpMGVQYUJhajVtR3NBYU51T3VxVUdLWkQ5ZjNLdG9fTFpZZEl1MFk5RjhyODE2UQ?oc=5&hl=en-PK&gl=PK&ceid=PK:en,India,,,,,India PR Distribution,indiapr_2025-10-22.csv,,Top Press Release Distribution Services for Media Pickup in 2025 - India PR distribution,,,,,766.9603082135183
India PR Distribution,https://news.google.com/rss/articles/CBMilgFBVV95cUxOUFJ3TnZvQXkwLXlleXhCTXVGdlR3RE15em9lX0RaazZUYUgtZndSbzFjR2dTTEQwbFZGUks1RFYzV1VBbXJIWGNzQ0hxRW4xMWtpbmFsNFpjcnNwUXBMUFl6d1VmcTJhWDNOc0EyWlJ0eTYzSUdmaEloX3l0Vzk1XzFiZjBVLTBRb3d2YlJSVFVXQmVJb2c?oc=5&hl=en-PK&gl=PK&ceid=PK:en,India,,,,,India PR Distribution,indiapr_2025-10-22.csv,,Why Press Release Distribution Is Worth the Investment - India PR distribution,,,,,766.9603082135183
India PR Distribution,https://news.google.com/rss/articles/CBMikwFBVV95cUxNNHM2NkZrd29PT0hBYWl1Wkt2ckRHT3o5aEpSdXY2VU53MkRmX3g4ajk0Q004RXhsY3prdnBzb1B0aC1ldlRhSHA5cUZfY0NQWktVOEhRTFVCSUVXMWZBVHp0YmdhdjVoczVHRzNaYVptejEyaFE2ZzktcnhGYW5aSFZFYV9tUm95WE1fdmZTM1BUWjg?oc=5&hl=en-PK&gl=PK&ceid=PK:en,India,,,,,India PR Distribution,indiapr_2025-10-22.csv,,Press Release Distribution & Media Outreach Platform - India PR distribution,,,,,766.9603082135183
India PR Distribution,https://news.google.com/rss/articles/CBMikgFBVV95cUxNd3lKTUF3LUdKZHNYdnNHaExQYWZmcThnTmRDTHllM09seGpFMVBDRkJYYy1HS0pudVkzUTE5VWVXUFZTZ0x3bmVubnc4NnZFMmVQQUN5T1VUMVJfV3VteXl4aGFRTWtjWjJQUG0zMVQ1YkZYU2FjRm5Pa3U3X1liNktrSVROU2VKVkhsc0pXWlBoZw?oc=5&hl=en-PK&gl=PK&ceid=PK:en,India,,,,,India PR Distribution,indiapr_2025-10-22.csv,,Press Releases are key to unlocking Success in Crypto Market - India PR distribution,,,,,766.9603082135183
India PR Distribution,https://news.google.com/rss/articles/CBMiigFBVV95cUxPMXFid0lYVU5KZlphNWR5WnFYZUhqU1J4U1NuUUhVbzhEVXU5RnFnTEo1WFQyNTV5ZzBuVlBGVThWZ0tON25KaEpRbk9HY1ROLThnSlN2RWprZl9MTUVrSTJpODBmaGZ2bDBXNnlxTENPS3psQUdScDdiQ3E3S2ljYmZYT01jYnJtOXc?oc=5&hl=en-PK&gl=PK&ceid=PK:en,India,,,,,India PR Distribution,indiapr_2025-10-22.csv,,Learn How to Write a Partnership Press Release for Business - India PR distribution,,,,,766.9603082135183
India PR Distribution,https://news.google.com/rss/articles/CBMimgFBVV95cUxNRkNoSlJfclcwajlhODl0TmhSLVRJV0FmTk01bFgtd2o5RldVYWdlWERFRGV6dGJaZUdmNnUzOGVsUkNrck9qWm5ZbkNhbVhKTlBBR2dCaFplRkdsOEw3NWJ4bGdJdm05cmxJZzd1UmNacVkxcEhfdUZveUNudG5jcEF5aDlSaDJHX1dpV095ZUFHTkRFQzhGLVJR?oc=5&hl=en-PK&gl=PK&ceid=PK:en,India,,,,,India PR Distribution,indiapr_2025-10-22.csv,,Where Can I Buy Affordable Press Release Distribution Packages for Startups? - India PR distribution,,,,,766.9603082135183
Medianet,https://news.google.com/rss/articles/CBMiW0FVX3lxTFA0RTFzV09QSEs1VUVRMUtJX01WS0RXVkZpdkR4dzhSX090R2VxUXdXNm9iUnlyZzlQaHJpVU0zZHdTWXNsMXlYRGpXYmwwdkRyUW9RYkZtLUpjMzTSAWtBVV95cUxNSGdhWXpqTzVSVF8xSllWRnhLcmlrN3lFRVpwWUJ0MGhnWjV4QTFQU28zR2xObXFjR2NNZFgtYjZkaFpPRERXYWFTVTFCY0NsS0tfSUxoUkdkenBzX0FOaDdYRUM1b29SdlJYWQ?oc=5&hl=en-PK&gl=PK&ceid=PK:en,Australia/New Zealand,,,,,Medianet,medianet_2025-10-22.csv,,"Journalist Spotlight | Interview with Anthony Morris, Film Editor at Forte - medianet.com.au",,,,,766.9603082135183
Medianet,https://news.google.com/rss/articles/CBMihwFBVV95cUxOOVZ4ejRMMnp3MC1JaEpkMzNKR1J6QXFxMFB1ejk5ZFVGVUxMc2ljRU85QWQ0Uzh5MzhuNWVJQTlTMjlEVjVueFF6OEZYSGU1WUpiRUZ2c1IxUVhGTVZfdktpdkJiUVJ6TmQ1MzBhb3VjbzFiVTlEN21YVVl2RHcyT0JoRG10NFnSAZcBQVVfeXFMUEkydmpVcHNnTi0xMGQ4V2VrU2d5U0hGSlpENFlFLVdtcWRxV3BacDRUNEVONnUzLUh2NzFJMkxadU5rYzZlRU9wRmJJSENncmZmXzJFWDVMQTBINDNWVktjTkttandJTWM3VkZ2eEl5ZkJ5dnJ1V1A3dnBIQ2NqNFp6YUwtWEdsLUV2VkxVYXQ2dzRKdTZ2Zw?oc=5&hl=en-PK&gl=PK&ceid=PK:en,Australia/New Zealand,,,,,Medianet,medianet_2025-10-22.csv,,"Journalist Spotlight | Interview with Emma Cranby, Editor at the Tert (UOW) - medianet.com.au",,,,,766.9603082135183
Medianet,https://news.google.com/rss/articles/CBMiVkFVX3lxTE1TTkVySU9OVjlrRDY2eHdUYXJERFU0RUs2ZUR6Tngta25UdHRER1ZpMUR2Mk52S0hUU2lYNlFtQUd0MHViTnp0eXJlY3pjY21SVkc3TGp30gFmQVVfeXFMT3VHYmI2anJqV0ZYVFBvcjF4LTl3LVZNNGtuTnNtRkNETmdHNUhheXdUOHNaZ1VsWTVrU25XOWZBbnBTRi0wcGhwcGVuOTBGc0pKcDJxajNkR1JBdU52RmtpUFl3M1hn?oc=5&hl=en-PK&gl=PK&ceid=PK:en,Australia/New Zealand,,,,,Medianet,medianet_2025-10-22.csv,,Outlet Spotlight: Radio MAMA - medianet.com.au,,,,,766.9603082135183
Medianet,https://news.google.com/rss/articles/CBMiVkFVX3lxTE5aeldmN3hYSmhkQmwzd1o5b2hGTk5kZ3NxWTlJX3NNZ1g4eml2NkY4eUVNcGZZblZQT093X1JHa0N4aExrVDJLOHgxQUJFX1dlbGZiRE5R0gFmQVVfeXFMTjJacmRMbGotSy15dTlxbXQzM1hBNGN0bFlIeURsY21yWE5TMjc1ZGFqSjZfMnR5bGlSbkwxQ2ZZeTJwblBuOTJHNHR1dk1ZLUZtZFc5RnB1aVQ3anJ2WVZlY1ljdGxB?oc=5&hl=en-PK&gl=PK&ceid=PK:en,Australia/New Zealand,,,,,Medianet,medianet_2025-10-22.csv,,"PR Profile | Meg Rayner, Head of Corporate Communications at GMHBA - medianet.com.au",,,,,766.9603082135183
Medianet,https://news.google.com/rss/articles/CBMiYEFVX3lxTE5EcXJla2hwdWlRbTVWLWxURGNBV0Q1UWppVkVjcUFEUmVkUUR1bEhOWWxlaEtRYURZdUtpNV9ObFJvbFA3MzFFNTNVQnROY3lpRGRsS3NmUVVBSDZXdjE5SNIBcEFVX3lxTFBFQ2pmWXVzOU5CaTBEMlREeHdCWWttVGo1WWhDc19ZWmVxOFZPX3RJZ3ZUb1kwTTdUTy1LdnBxM3M3Nm9pSko0NHBXeGtpclBwUS1oVW8wQnJZZGtrNXhac0VCdEx2V2FZRXVRNEw1M1Q?oc=5&hl=en-PK&gl=PK&ceid=PK:en,Australia/New Zealand,,,,,Medianet,medianet_2025-10-22.csv,,"Journalist Spotlight | Interview with Freelance Journalist, Caroline Zielinski - medianet.com.au",,,,,766.9603082135183
Medianet,https://news.google.com/rss/articles/CBMigwNBVV95cUxQOGtYMGp2VzB5SVJUWFlmZkhCZFRzcmRvdHc0ZEktQnFhMlpQQ3U2SW0wMlFIanp5YXZDck5XWFRQWW9Ub1RQZEpjOW5MeTg4d0FFc2VqTnhpNWRqTnhQY002UElDeGJhNWQtSVViUnVLZVVnN0ktMGI4RG1ESVlRS2pYM3B4V2h4OWF5T1pfWVRlMlhLTUxkQjB6OXpaMERFdUl3NTU1TFM0bkJlc1JsRU9MWlJaeE4wc3M2eThBMlplZ1FadWlNQjd4cGZLSVdtUmdYSjFYT0dhbVczdFVSSmliaWR6dFo2TkNmUW1jY0N1STNWWnlrbUF1aUt3SFJhSlRRNGx5S0hQWlY3T0dyQ0htSkxfcTUzTTNWVm1RMy0zZFdLQnloWkpjYmx6Y3AwOUFLVXdMTmQ3OGNsRU1KMEtScnhrRmZXM3pLX3lxSmRJNWR4eWxRLTlCUnlLSHJPT2dhWHEydEk3VUVOUWdFbTAwcElIQVFPUGZyUEVJUWJpeEk?oc=5&hl=en-PK&gl=PK&ceid=PK:en,Australia/New Zealand,,,,,Medianet,medianet_2025-10-22.csv,,Australian Media Landscape Report - medianet.com.au,,,,,766.9603082135183
Medianet,https://news.google.com/rss/articles/CBMiggFBVV95cUxOMVN4QVBpeElKUmdkSjYxRGY4OVllZkprNUE2dUFSUXI5S0JkVDFBb2E2SkJQRW56eFpPZzBXajVsOG1qSDB1bGJ1U2JMVHpnM3Vxc1NJdW5TMFdyS2xoa09VNUF0WVc0ZkhkdEM0RTZZOXViM2YxOTgteEpNNTUxWmpB0gGSAUFVX3lxTFA1Y3BzUlFNWlE1Tmd6dGMxREpXQVd6MFZ2OXYzWkRLejdIZ3FqMG9RNUJFU25SbElPRzdsLTZKLVQ4TzhNREt6QklaeG4wVkwwaThYWU1SQzFrV1BJejVvR05hU0RCVHhpNTV0aE9RY3Vhdk5WUFpPc3lGT2hoend6MDlUTVhreEJxVFpoOFJILUxn?oc=5&hl=en-PK&gl=PK&ceid=PK:en,Australia/New Zealand,,,,,Medianet,medianet_2025-10-22.csv,,Tips for Writing a Press Release That Gets Picked Up - medianet.com.au,,,,,766.9603082135183
Medianet,https://news.google.com/rss/articles/CBMiWkFVX3lxTE5NcGdGVjFyZjdoWlVITExyUF9seTVDNjRWNXRWTTlQY2lNYzlscjBiQ2pORVZwLUpER29sbU5PQldlRnlxM1I1YVZGQ2NmRjkycUptMWxKcTEtQdIBakFVX3lxTE9yREhTQUhVZHp0OUdKbVB0Y3NxWG9UNGN1RDNIbm1UU2RSNllybEUtdWZTdEFZbGY3dUZBeVFQVjJPd3FQSktDSFRHdEs0YUhPNjJyVTNZenhva1ZjYVNWdDM5NndIcmlxcVE?oc=5&hl=en-PK&gl=PK&ceid=PK:en,Australia/New Zealand,,,,,Medianet,medianet_2025-10-22.csv,,"PR Profile | Alice Collins, Director of Insight Communications - medianet.com.au",,,,,766.9603082135183
India PR Distribution,https://news.google.com/rss/articles/CBMidkFVX3lxTE1TQlVMZUtOdEtBQzRpMkM4V2M5TTR3NFk0anlPOERkQUppZTE0TThyaHZTV1otbUg4SXpWQUJoY3N5SVZRYi1CQ3RUeUdZODVsenJrT2FIVFdFNnczRGVRR3BjYnpVeXpXUEZVaTVWakQ4RGlEWGc?oc=5&hl=en-PK&gl=PK&ceid=PK:en,India,,,,,India PR Distribution,indiapr_2025-10-22.csv,,"Comparison: Public Relations(PR), Direct marketing, Sales promotion - India PR distribution",,,,,766.9603082135183
India PR Distribution,https://news.google.com/rss/articles/CBMifkFVX3lxTFBVWlJ2NnIwOXJyWEpUdDU4OHRGa2QxNjFiV3pLYlNTelRVWUk2VTNtQ0hqTlgtM3VVVk81Y2pyRFJucUFjTmRSMzFDWXRvLTRDRzJxVG1HMXBpTXBWeE5wWkZZMlRBbmVibHkzWmlSRjhoQU1NRmJqLTVXQWx1UQ?oc=5&hl=en-PK&gl=PK&ceid=PK:en,India,,,,,India PR Distribution,indiapr_2025-10-22.csv,,Getting Press Coverage in India - India PR distribution,,,,,766.9603082135183
India PR Distribution,https://news.google.com/rss/articles/CBMihwFBVV95cUxNZHVvb0hZbUFXeWpCZzc0LTR1cGpTQU9scHk1ekxWQVlqaEw2aXJIbUFsYjBudGM4dWp4UVVGdVlSYTRTV2pQZF9pN09jSEhsR0dUTGtyeWRndXBqVTZkUXZLdGhKV2RDaEdxVmhOVXdfTVpNNjFMV09HY0JnRVBDVngxbTd4bUE?oc=5&hl=en-PK&gl=PK&ceid=PK:en,India,,,,,India PR Distribution,indiapr_2025-10-22.csv,,25 Benefits of Press Release Distribution for Brand Visibility - India PR distribution,,,,,766.9603082135183
India PR Distribution,https://news.google.com/rss/articles/CBMicEFVX3lxTE0tMUEwSksyN2tsTnMxN01sWWVWUnVIMTFtMkVzSlp0ZU9mQnBSWVMyNEduSmM2cUh1SmIwdi1GQmY1T1BnUXROTHl2bG42QzRkUDExQWRLQTZvNWVGSDNmOHViZWRnSURoUkVzYXphcXU?oc=5&hl=en-PK&gl=PK&ceid=PK:en,India,,,,,India PR Distribution,indiapr_2025-10-22.csv,,Top 10 Essential Telugu Newspapers & News Sites | Telugu Media - India PR distribution,,,,,766.9603082135183
India PR Distribution,https://news.google.com/rss/articles/CBMikwFBVV95cUxNeTVnS2hzamM5dDhjVW91YXZORTBOZEk3RlE3STNaYnF1bldPbU54N3QyZE8tSXEwekpUQlB0QWRjUVg2SnlhTzlsMVkwaENDZWRmT3N6RUtTdnVDdmlVMUNWeldrTmZDTmxReHhOMXo5QUY0Yk5leWsyWnM3WVFwZTNQVWM1UExnZnpXZ1h2dmptb0E?oc=5&hl=en-PK&gl=PK&ceid=PK:en,India,,,,,India PR Distribution,indiapr_2025-10-22.csv,,Content Writing and Public Relations for Brand Building: Guide - India PR distribution,,,,,766.9603082135183
India PR Distribution,https://news.google.com/rss/articles/CBMimgFBVV95cUxNWXYzYVJRX3lXTXNTN1BjYVhvYlpCQ3d4VlpXZE1WTjJvNDZrLXRYR2hBeGdnNE5IVVpJbzVySVcwMlAzSXI1enRrSm1USGhyNGppdHljNGowMWlucWlKYUhJUFNHY092dzhQZDdCamdfTjRtR1d2RXJCMkpwTGM5d2I4NVRZdjhUTUtDV3UzeFlVbXV0c3QzcV9B?oc=5&hl=en-PK&gl=PK&ceid=PK:en,India,,,,,India PR Distribution,indiapr_2025-10-22.csv,,Press Release Syndication Guide: Boost Brand Visibility - India PR distribution,,,,,766.9603082135183
India PR Distribution,https://news.google.com/rss/articles/CBMiekFVX3lxTE10LUJINXJscHZaSGdRLTRxbFVQcVRwTWowdThvby1CZlBLLW9DdGpFQlpyNHdlRFBjVldNX01mdEZrVHZrZFBaQW4zUEpKLWhEQjkxbFJEcXFVdEVxZFQ1U3VKZG5BSmtQbW14Zy03bHYzOEVVM3NNOVZR?oc=5&hl=en-PK&gl=PK&ceid=PK:en,India,,,,,India PR Distribution,indiapr_2025-10-22.csv,,"The complete Guide to Press Release Submission, Free Press Release Sample - India PR distribution",,,,,766.9603082135183
India PR Distribution,https://news.google.com/rss/articles/CBMihgFBVV95cUxOcDhGUkdyZmRjTkp5bDMyd1ZfMXBWZTNmSEtXSF8yZVd2NzlaYXJtbmdwMHE5RlJLanFEaENsYjZPcmc2bXduOXRGXzlVTHl1a3lNRGh4SUIwWU50ZlRRRHB6dU42WW1KVnFjVk5XZm1CVXV2amhMS1d5a3JLd0liY2lENm9MUQ?oc=5&hl=en-PK&gl=PK&ceid=PK:en,India,,,,,India PR Distribution,indiapr_2025-10-22.csv,,An actionable Guide on how to Write and Distribute a Press Release - India PR distribution,,,,,766.9603082135183
India PR Distribution,https://news.google.com/rss/articles/CBMidkFVX3lxTFB6SC15Z3FsRWEzVldUMWQ1aU9EaURueWdqTGZOTlRvQUZOMlNUSzFvYXlLclZnQ29KQy1xUnBpcS1TRkJGN01ZaHEyM0JwWkpoSGhpTnpxV2prVlhmOWp1T2N0Tm9pNlpvbEl2TnBpVWhqZXJtYXc?oc=5&hl=en-PK&gl=PK&ceid=PK:en,India,,,,,India PR Distribution,indiapr_2025-10-22.csv,,Free Press Release Sample and Guide to get a wide coverage - India PR distribution,,,,,766.9603082135183
India PR Distribution,https://news.google.com/rss/articles/CBMiX0FVX3lxTFBVb0lKVXFKWjByalpMZHVkdFR0UHdVZkk0OEFMcTcweVdpTUhvY0R1aW5pMi1vQTlReHZNNGJ0TEN4RVZNcWNPS0hxWEgwMHBKUVVxRFktUEE4MTE1MjFR?oc=5&hl=en-PK&gl=PK&ceid=PK:en,India,,,,,India PR Distribution,indiapr_2025-10-22.csv,,Premium Press Release Distribution: Elevate Your Reach - India PR distribution,,,,,766.9603082135183
India PR Distribution,https://news.google.com/rss/articles/CBMibkFVX3lxTFA2ZTBHeXlZc1RJNzA1RkhadkItendxZlBTWjBLVzJieWxtSllsVDZkM0JoZDVuU0Z0V1pTcFkzMW96TG9SMXdlYmNwT1F1Y2tGWGdyV2RNUE9VTGM0WDNHVUViWVVMQW5zaFU2Yjl3?oc=5&hl=en-PK&gl=PK&ceid=PK:en,India,,,,,India PR Distribution,indiapr_2025-10-22.csv,,Professional Press Release Writing Services in India | Craft Your Story - India PR distribution,,,,,766.9603082135183
India PR Distribution,https://news.google.com/rss/articles/CBMiY0FVX3lxTE9wOW5MNlJKcWhreVREdGRyMWJib0VUcXZ3bk1CeGluNHNYbWRqZkp1RlBDYk1ld21jX2VuLWVKMWVGVFdxalpORjlEQWVHaW9EdFRuVWNXa3BUSG5KaFRNV1Baaw?oc=5&hl=en-PK&gl=PK&ceid=PK:en,India,,,,,India PR Distribution,indiapr_2025-10-22.csv,,1 Press Release - India PR distribution,,,,,766.9603082135183
India PR Distribution,https://news.google.com/rss/articles/CBMiZEFVX3lxTE00X3N2aHg1RjVDSkJvaFIwWVprWGRuZjdhYkJQd3J2RmkyNmpaUEx6OTBrTDRQZTBMTGhkZnkxNTZzMkN6TFFEYTNnSGU2UlczR0MyOGkzNEVqcmJIVTlUNEREV0M?oc=5&hl=en-PK&gl=PK&ceid=PK:en,India,,,,,India PR Distribution,indiapr_2025-10-22.csv,,India PR Distribution - India PR distribution,,,,,766.9603082135183
India PR Distribution,https://news.google.com/rss/articles/CBMiX0FVX3lxTFBhLUpsR0RNbVNuVmZ1WHpjLWJVOHRldWVzbTJaSVNKV0p3NXFtS0Z2TUd2Y093OEhxaXRfcnJveHl3ZS1zZnJ1aHBSckQ1eTNyWE0zUncwWVA4TE1pbHIw?oc=5&hl=en-PK&gl=PK&ceid=PK:en,India,,,,,India PR Distribution,indiapr_2025-10-22.csv,,CONTACT INDIA PR DISTRIBUTION - India PR distribution,,,,,766.9603082135183
24-7 Press Release,https://news.google.com/rss/articles/CBMia0FVX3lxTE9iVVdCbG9GRkk3R3N0d29VSjdwd2ZkWUVoWkdESmpmajVkN192Q0cteTdWSHVTMkx1YzRURnh1bnVnX003VEVid0Z0TmFNQ0NhcXVoWVIzV0dnUGVISFR1a0tjSEVvWVVSRHR3?oc=5&hl=en-PK&gl=PK&ceid=PK:en,North America,,,,,24-7 Press Release,24-7pressrelease_2025-10-22.csv,,Compare Distribution Plans - 24-7 Press Release,,,,,766.9603082135183
24-7 Press Release,https://news.google.com/rss/articles/CBMizgFBVV95cUxPUHZ0SUx2UUxpYmNwX084SXI1LUM1d1FDRGFyLVFSdWVMMXRhQzRUUkpuaTM1OXZ1RVBMTVlTRzI2bmU0Y2llSllVQW5GVkpCSlZidVVZb0hmVVpxa1JPbEQyNXNwekNySFBkNzZ1dWk1cjRYUlBQcTZxTDQwd0JybWFnYUFLaVVseXFlVHlfb0JLaTl3dTF5UlhtM1VTbjlzeHkzNkQwNFk5TUxYNFk0V1c5SzE5TzBZY3V5RGFPTGhGWTk4UFJQUGFVRTFxUQ?oc=5&hl=en-PK&gl=PK&ceid=PK:en,North America,,,,,24-7 Press Release,24-7pressrelease_2025-10-22.csv,,Tiffany Newell Honored by Cambridge Who's Who for Excellence in Special Education - 24-7 Press Release,,,,,766.9603082135183
24-7 Press Release,https://news.google.com/rss/articles/CBMingFBVV95cUxQRFBrcWxBdnZKQUVSakdJNnhFWkptZm8yVEcyeWxldDBHRlFMQmVudGsxd1ZvU3J6d2JWWWlqSkhZbjNvUC1Ja2JEbUoyQk1tVi1UMTMwVjlGaGs5Z1hYOE5OZmlZRElBaUNVZ1FtMzg1dHRwMFRLb3FhYXlPQzV6T0hOQV9jQmhtSEJTZGZnQndxeEhEQXhnd1RKb0hkZw?oc=5&hl=en-PK&gl=PK&ceid=PK:en,North America,,,,,24-7 Press Release,24-7pressrelease_2025-10-22.csv,,Chaikin Trial Group Earns BBB® Accreditation - 24-7 Press Release,,,,,766.9603082135183
24-7 Press Release,https://news.google.com/rss/articles/CBMixAJBVV95cUxQbVpTOHNiOXJMVERoa2hkcnpQcWhTRmVNX0ZvenRwRXFtY0kzd1NLUkFBQlZPRFEtbk93TW1JYXFvdzdwaVBQSWZGeERFZ29RVTRld002eVRFQ1prSE5sUDN0MDY4YU10RThvLWw5dHkwMEs5cW40X05QU0dQTE80TlBEVTRNN1E4dG1ZTERQSE0wZ1BJNTJCUTFnU1VZdmYxSGEzVWFxbTV3cTN0ZlRnR1NBQ1N5MV9MbjJqZTBQdkFRTHlhWlpseHpwNnVVemQ2NVJnLUVxX3FsZVlKci16c1Bwb0JleC1vSFlGTkxmd0I1aHp4TWxYMXVoVFFPZC1NZmNkWnlwN2E0YmZQSGZVYmdNcHdMUzVOcXlFT1ZEU1E0M2ZyV0xiempka3JBVWhpVG9aRTVfQ3VwS0l5OHBUNXIya24?oc=5&hl=en-PK&gl=PK&ceid=PK:en,North America,,,,,24-7 Press Release,24-7pressrelease_2025-10-22.csv,,"Clinical Psychologists Tony Iezzi, Ph.D., and Melanie P. Duckworth, Ph.D., Release Reenactments: Break the Behavior Patterns That Keep You Stuck in Trauma, Stress, and Everyday Life - 24-7 Press Release",,,,,766.9603082135183
24-7 Press Release,https://news.google.com/rss/articles/CBMi7wFBVV95cUxOZ25aNmEzdmQzNWpzVGZKaVRMNnR2cEZxdHpCby05bHhrMGZocWFZbUoyUXBqZXdycmVNQ1hmZ1ozU1E5Zi02ekpnenpZZzZJdmhEZG9abzJYeDFXdll0bnZVcFpFeEcyTDBfMzVuVVFWMTY2Z3FnVW5xdzBKLUw5VVF5YkVZVVJGLXhfam5FMU5BcUtwa0Z6aTRIMjN4XzFiRWVfdUlBRy1xaGRkeEQwVXV0cG1BZi1wQ1pNRjdFM2FaaGFHOUFZLU9wNmFMdlRhcFVSX0Ezdm5TZEJzT1NCQUhTRnl6Q00wLU5JTnl2SQ?oc=5&hl=en-PK&gl=PK&ceid=PK:en,North America,,,,,24-7 Press Release,24-7pressrelease_2025-10-22.csv,,"A 24-Hour Global Virtual Marathon Celebrating Talent, Education, and Advocacy in the Sickle Cell Community - 24-7 Press Release",,,,,766.9603082135183
24-7 Press Release,https://news.google.com/rss/articles/CBMilgJBVV95cUxQMVctOXhmaG1KMm5BcWVFS2M0am1RclhzaGFDSmo4aVFKWkNJQ0xUYko0MXoyYkJMZHc0N2FEdXlKcnp3QkZPb0FXTDQ4c0tJMXVBQzlhc21yTUdnVUNJVjZmMzM3TE82UWdZa0t3MzdqbkNVX1h0dWJmNXVlV0NJZVdoRjZCZWR5a1B1bWlyRGFYdExmRE1fWHdxa19hR2JRQ080cHFKNFhFSUN0aXI1Qm9zeHNTOVFGTlNabm5SNjR1ZlVUaUN6Z1AybXNVU3FKR1pkQmwxbnBNTzFDWlNVcVdyRWNkTTFKTGc5ODZsTXRwVVRzZmRXU1ZVbndRTEstbVFUbGI0ckswZUhkOFo0dVM4V28zZw?oc=5&hl=en-PK&gl=PK&ceid=PK:en,North America,,,,,24-7 Press Release,24-7pressrelease_2025-10-22.csv,,"Award Winning Author Bobbie Bennett Announces Bestseller Status For Her Latest Book, Widowhood, The Next Chapter: I'm Still Here - Now What? - 24-7 Press Release",,,,,766.9603082135183
Accesswire,https://news.google.com/rss/articles/CBMihgFBVV95cUxOUW5YMDBRNWVSN3JycWdmbTdNa1VhNlF6a1pPMGhDNkR4d2c0TWs1RUhtOVhacEN5a1BSbmZvT1RVZUhVdHpOMkZNOUlnZVloNEE0d25ZdU9OZWliMTZIVUM1Y09hSkpNUWNPVEhDZXo2a0hNUk82djZ2dDZyRmJXT0dsaFkzZw?oc=5&hl=en-PK&gl=PK&ceid=PK:en,North America,,,,,Accesswire,accesswire_2025-10-22.csv,,- ACCESS Newswire,,,,,766.9603082135183
Accesswire,https://news.google.com/rss/articles/CBMiR0FVX3lxTE1sSE9KbmpiWnZmOWd0TzBfRm92V1lObDAteFItaVd0OTBfMXR3R0hmejU3OGs3WDEwTHNLMGNmMnpWM2xTVHJJ?oc=5&hl=en-PK&gl=PK&ceid=PK:en,North America,,,,,Accesswire,accesswire_2025-10-22.csv,,Newsroom - ACCESS Newswire,,,,,766.9603082135183
Accesswire,https://news.google.com/rss/articles/CBMigwJBVV95cUxNZ0pWY1BldXNrR0VpdndocjJoeXM5d0VObjBMM1NydjFKR2tadDROVVo1cElYOERuTEw1QkJlTHRVdGZEZHBGYW5XQlU5MDNUWE9NUnNjNXdUa0otVVVIWTU4RmZaZF9tTjh2eFNNd1ZBWFVCRGlEOWVkN0RvQlNBb0lHZFJMaV9yTElZZnFrSXhRQWRZbWF5NC1sNXlpU3ZlQmp5bDRnbXdfWk5lUXRzMU93Z0N6NjJNN3c0bGNZdFpyX1ZFdzUwZnpuVjNjdXNMS1hZZGE2NDd4enFweEViMHBWa0NjUXFZX2FvSV9Qc3QtZHc1Mkx6WDdySWhVOTBLeHJV?oc=5&hl=en-PK&gl=PK&ceid=PK:en,North America,,,,,Accesswire,accesswire_2025-10-22.csv,,Issuer Direct Corporation is Now ACCESS Newswire Inc. and Launches Industry's First Pure Communications SaaS Subscription Model - ACCESS Newswire,,,,,766.9603082135183
Accesswire,https://news.google.com/rss/articles/CBMieEFVX3lxTE9NeWUteVliSm1SbnVINTNLZXJka2wyNDVmNm5Uc1RCcnJCeTk2RlRSUlNoME83dW5ZeFZzQm45d1YxcklFUWMyUGp0OW5ZMjcxeEFGSTdtZk5zTkhLMDhIbVQ1cnNrbWhJc18xM2VLY3E3Rk03Mkdrbg?oc=5&hl=en-PK&gl=PK&ceid=PK:en,North America,,,,,Accesswire,accesswire_2025-10-22.csv,,Aptevo Therapeutics Newsroom - ACCESS Newswire,,,,,766.9603082135183
24-7 Press Release,https://news.google.com/rss/articles/CBMi7wFBVV95cUxOUlRLaVFieHZEbWlaZkp5bE9IQ3ZuSGw0ZVM0QmFJLWdZQWFwb1hnbWJuWDlIVml3Z0wxMXlfYmVCdl92d3ZFUjFjRnRqNFhTdWVuVEhLVW85bkdHLXltM1o2LVlfTjFYUWlqZXJPWnI0OG1JOWxJVG81VzBlUWh6RWYybE92T05CVHFYX2RTeVVFVTVxblNaZno2c1FwWHBZZkFQUklvMnN3YmxUX2lWdEV4Q2tYSlpZWXN4U1RHWG4xLXhCWGVPLXRlU0FYekRaek1oUUlLVmstVFdPRTVnMXdqUTFvRnlNaEg3SW4ybw?oc=5&hl=en-PK&gl=PK&ceid=PK:en,North America,,,,,24-7 Press Release,24-7pressrelease_2025-10-22.csv,,"Attilio Orazi, MD, Presented with the Albert Nelson Marquis Lifetime Achievement Award by Marquis Who's Who - 24-7 Press Release",,,,,766.9603082135183
24-7 Press Release,https://news.google.com/rss/articles/CBMi0gFBVV95cUxQM3k3Q19oQ21NVlpBUDdWdUNYaHVELUxQQ2pnYWNGd09ldGhrZ0FuMEY3Q0JTMElhWl9odkd2dlFBaUFxYnBrb3p2Ui1sOTVVN2dYU2ZpNUF1bTZLTkJQNzJGam9Ibmx6OFdsWHh6VEkyQU9zT29KMHR6XzJ4Y0VfZm84WWhoRmVKTlBrejRSZkZJWHJya2VBZ1JHc3R1SFpjdFkzaE5VazRfb282MHVoSElGVDJzMGJtdFRRU2E1M3RkU0plTUwyTUlhSTUzdjVGV3c?oc=5&hl=en-PK&gl=PK&ceid=PK:en,North America,,,,,24-7 Press Release,24-7pressrelease_2025-10-22.csv,,Seedium Shares Proven Framework for Building and Scaling Software in the Age of AI - 24-7 Press Release,,,,,766.9603082135183
24-7 Press Release,https://news.google.com/rss/articles/CBMinAJBVV95cUxOUE1BbWRlblpiQS1oSUs0SWJKZjV2SHp5ZnhVRmpCaHc0d3VmZk5IS1hPSDExS1ZLblllOE01LVlvbmk1V2RpUkNRRnV5YmtNdld0Q1REd1drVDMyV2JOQmhPY0lIV1o4SXR1SnhzOXNJb2l2YTVPaGFYOFJVdkRhaXNZa2VraGpzUmhXLTJpQjZNMG5YVVk5UkdRczEteklEU25XZ3BFUXFENktDTUJkYnZVSUdObVU5RVJvWXNfV2l4cmFBVWFFc0duY25Cb195S2E2Y2tvbU5sQ1o3aS13TFdpZGNvN3V6cFZiMEkza0NTOW94d2d5cXo2SUg0YlhFZ3J0UUtsSXdxN2hmUXJBUVRMZTUtbjYteHVTOA?oc=5&hl=en-PK&gl=PK&ceid=PK:en,North America,,,,,24-7 Press Release,24-7pressrelease_2025-10-22.csv,,"Cuban/American Artist, & Recovering Senior Corporate Marketer, Unveils New Website and a New Curated Interior Design Store, April Paige Fine Art! - 24-7 Press Release",,,,,766.9603082135183
24-7 Press Release,https://news.google.com/rss/articles/CBMirwFBVV95cUxPU1VtTkxEVUxWa0ZjY003d0djeXQtZVgtbW1GaDhPdHZQb2dSWEYzcHBPQXFNQU1URWNvTTFZOWplUzdOOEZDamxOZEE4elBhZXZ5VW1WN3FmTmpXY3pjR1lyTnJYUVdySDNDbmxxNFA3b25WTHNyRmNObU01MDFXcXlOZWIzdHp5RjU1QzdJLWZtNlJ2Q3lnOEgxUGhPMFNwelMzXzBwa0JiZF92RFp3?oc=5&hl=en-PK&gl=PK&ceid=PK:en,North America,,,,,24-7 Press Release,24-7pressrelease_2025-10-22.csv,,Renowned Artist Tiffany Pilon Joins LagunaART.com Gallery - 24-7 Press Release,,,,,766.9603082135183
24-7 Press Release,https://news.google.com/rss/articles/CBMiW0FVX3lxTFBybHQyZHpUUGZ6NVFQSW0xenNjOHoyQjdKX0VqMjdmMDQ0VE94eUdWdm50MldYRklPb09iQ2FwVU5aek54ZjNVZ0M4bHpzejZ5SllGLWpObmExaE0?oc=5&hl=en-PK&gl=PK&ceid=PK:en,North America,,,,,24-7 Press Release,24-7pressrelease_2025-10-22.csv,,Knowledge Base - 24-7 Press Release,,,,,766.9603082135183
24-7 Press Release,https://news.google.com/rss/articles/CBMitAFBVV95cUxNYkpTYmkzanVyMHE3VHdZT1dfVkJ0dmR0RVpIM0xtUnpKVTFqV09raUJwNk5ydzJpbmttYlp1a29HZThGeWkwTDFUNGtuRUxrQ0dNN19uZzViX1NOcU12Vkl6SDQtVUJ6b3J6eUZuRVlJd2o0WEtWalpMT3AxbjRWdC1UeFlUY0FvSmJ4c1FUYXNwSncwNEkzN25wMUg5NF8zNkdQcGFRMm8zVERQVWNDVGtVdnk?oc=5&hl=en-PK&gl=PK&ceid=PK:en,North America,,,,,24-7 Press Release,24-7pressrelease_2025-10-22.csv,,Unique Handmade Holiday Gifts for Anglers from OutCast Lures - 24-7 Press Release,,,,,766.9603082135183
24-7 Press Release,https://news.google.com/rss/articles/CBMiZEFVX3lxTE5HMG1VcUdlQ2gyeTlxUzc4bTdEZXJsdGJsbFNiRVRoRjVldDBkWFJFa2JGdzVGQ3h6VzVjaF8yNER5dUlYcmZnd083LUtWT2kxalVQREdXUjNKYVJKLTdnMmpuZ3A?oc=5&hl=en-PK&gl=PK&ceid=PK:en,North America,,,,,24-7 Press Release,24-7pressrelease_2025-10-22.csv,,Mass Media Visibility $479 USD Per Release - 24-7 Press Release,,,,,766.9603082135183
24-7 Press Release,https://news.google.com/rss/articles/CBMi2gFBVV95cUxPcmMtMHFqQXBLOE1tYm1OeER0ZWNIRWR5N3hFSkJKZFd3UUNkQi12anZNUEdkbXotZjJNZlJpUFltdHBldlMtRkZoamE1ZEVFNjFzVE1Qc3FrdTJIVDdkYlBDZGkxcW5zbjM1bmtBSVpodERTc1hoYWVERlR0MWtJSE9HOGlNenFqcFRCZldaeEFLSjF1Yk9QY2FBR2VyWXVhRlB1RHAzT05LLUwzQ19IeTZ5TTVPMVNwYnRCUkRocWhRaHRVYTN1TmEzNEY3YjdUcktuRkxKNnp5dw?oc=5&hl=en-PK&gl=PK&ceid=PK:en,North America,,,,,24-7 Press Release,24-7pressrelease_2025-10-22.csv,,Stephan Rottach Distinguished as a VIP of the Year for Excellence in Business Management - 24-7 Press Release,,,,,766.9603082135183
Asia Presswire,https://news.google.com/rss/articles/CBMiVEFVX3lxTE1EdzU0MFlqYzctbkE1V3g0cXNMV2VVTWVNZHl0M1JzYzI1d1JWUTRxQ1BFbkpoc2VkMG1RZk9wUGhHTEFkRE1aSkxEUENqUFpucWhvbA?oc=5&hl=en-PK&gl=PK&ceid=PK:en,Asia-Pacific,,,,,Asia Presswire,asiapresswire_2025-10-22.csv,,Contact Us - Asia Presswire,,,,,766.9603082135183
African News Agency,https://news.google.com/rss/articles/CBMi0AFBVV95cUxOQlpHQURWcXd1Qnh3dUpIdmdnTVhia2tKNFJBZ0tjbUhBRTJ2TWw1ak8xN29Qb21DSTZiVHpoaFhEUEhSaDJFU1doMUl2TVJSdXdwbWc2d0ttdGdNaUR5bWc0bXFubWNLUlJZaFNWTU9YYjZnSkJIQlhOWTVzbmpuTVVUMm9RR243aXdvUHZEWTN4WmczbVdNdmwtbVlJZ1QwR1ZQbENaYmNZNXNIUUlNbWJWU0l0Y0xFTk0wOUx6SGdoQVFscjN4dENtbTlCZFl6?oc=5&hl=en-PK&gl=PK&ceid=PK:en,Africa,,,,,African News Agency,ana_2025-10-22.csv,,Philippine vessel deliberately rams into China Coast Guard ship in waters near Huangyan Dao: spokesperson - africannewsagency.com,,,,,766.9603082135183
Asia Presswire,https://news.google.com/rss/articles/CBMiREFVX3lxTE5lVGQ4LUxHaG5wcEIwME1FYnR4Z3U1cW83dHRVeXdJYWZvTi1RVW1ycjJ6RXhsYnRWVHphTTlmSFA3TEZt?oc=5&hl=en-PK&gl=PK&ceid=PK:en,Asia-Pacific,,,,,Asia Presswire,asiapresswire_2025-10-22.csv,,Press Release Distribution for Asia Corporates & PR Agencies | Asia Presswire - Asia Presswire,,,,,766.9603082135183
African News Agency,https://news.google.com/rss/articles/CBMiswFBVV95cUxOdGpHMWVZUjV3TlBONEROVWlZQ1ZsaE1GYTVvc1dZTUN3U2wtdDNWMFFPWEJ1T2hYcmdzLU13b1ZtUGd0cTlJMU5uYWNWNmh0dFQtanB6bzh4VjcyZkYtbHVUeHQxb0JoRG51MGtEYWlJemxqT082TFZ5eHNQdkxVOTRNTGQwbXY2eFZhelB4aTFQOHRUOUlKM0otQWVtV0d4cVBBX0FMSzdZN2hHS3BJeW5ZUQ?oc=5&hl=en-PK&gl=PK&ceid=PK:en,Africa,,,,,African News Agency,ana_2025-10-22.csv,,Urgent: Former chief justice Sushila Karki takes office to head Nepal’s interim gov’t - africannewsagency.com,,,,,766.9603082135183
African News Agency,https://news.google.com/rss/articles/CBMijwJBVV95cUxPeG50bFV4UVVhd3BDNE5Bc2labkFzRGJXRWhSczlsb1czLXhQWHNaSkYwSUlUZUNQb1lET0tFWUdRUEZjTnQxb1RTaE81dzdBT3liS0s3aXVXSFpnaHlaLXJZRVM2eTRNa05uMVpXTTlOcHlXSndFYWZnSE95QnZrNDhrbG9yTDJXNGlmLXJBUXRyNnZ3V0dfY3V5WVgxUExYSUlCWFo2aUFKRFYyMUN4dVpmSEE2LVJwajZnSWZXMEdNeWpmbkZsX2h3dnRuQWlickE0YjZZengybTdWV1Q2eWxVQ1U3M1dTcmZhdFpaTUZ4UXMyWFI3QW5ZV1I3RzZrOHFmQ0hkN1l2TG1JSDc0?oc=5&hl=en-PK&gl=PK&ceid=PK:en,Africa,,,,,African News Agency,ana_2025-10-22.csv,,"1ST LEAD German, Turkish ministers signal fresh start ahead of Greece talks By Anindita Ramaswamy and Rachel More, dpa - africannewsagency.com",,,,,766.9603082135183
African News Agency,https://news.google.com/rss/articles/CBMif0FVX3lxTE9oYjZnR09XWGVkRlhmdTF4YmdnR0RLR0ZKUThJZEd3WmlRR1JOR0xXbm0wcGlTQmg0NGV5VmF2U0VZemEtZ3NQVWM2ZW15bmVRZzA3alJBQ0FRcGtySEZCN3M2Q0haZk9TdGNwNzJWQVQ2ZnZJamMxRVpCVzltakk?oc=5&hl=en-PK&gl=PK&ceid=PK:en,Africa,,,,,African News Agency,ana_2025-10-22.csv,,"Typhoon leaves 14 dead, 18 injured in Taiwan - africannewsagency.com",,,,,766.9603082135183
African News Agency,https://news.google.com/rss/articles/CBMiyAFBVV95cUxQekNIUWdTOHJseVNOSjJ6dlRjajNGazczaDM0MWtrZndvX2FzRkl4Qk8zd2xMb1NkU1MzOHlYczFpUXNWU1FTRUZKeC1FTWRjUkJTdWhzQW9HcHZjXzVGcUdkOUh5N3k1amtyTXpfcWlQR280bHBtZXVyRng4TllHX1FVYWZWUUNhSldCM1F1alFFODNBSDZ1UFdZUm5wTzQ4cm1SLUdsbldzSG9hUGNIcFEwWF9VWUxpeFFMdVVfb05NM3J1Z2xwRQ?oc=5&hl=en-PK&gl=PK&ceid=PK:en,Africa,,,,,African News Agency,ana_2025-10-22.csv,,New Zealand signs new partnership agreement with Cook Islands - africannewsagency.com,,,,,766.9603082135183
African News Agency,https://news.google.com/rss/articles/CBMihgFBVV95cUxQeUNBMW5PaklZUXRZLTl6UFh4bF9XZmFUNERhRnFyQjlnR0tjUUZwSS1oZnVXc3ZvZVdmQlBkX3JtdXUydHZWcmxmOFlFMEpIR2pWREJ2SXFGZTh0RnhjckZCX21XUXRoUmc5c0g4b3lFQjZxT3ltbjh5ZkhtOTRXU054UXQ5Zw?oc=5&hl=en-PK&gl=PK&ceid=PK:en,Africa,,,,,African News Agency,ana_2025-10-22.csv,,West Pack Lifestyle emerges from business rescue - africannewsagency.com,,,,,766.9603082135183
African News Agency,https://news.google.com/rss/articles/CBMiakFVX3lxTE9rR0E0REVNWUFRdEFhNFdOOUZSQnRuVnVPbHRnMDlocHB1X0lYZzhIQm01UlRXRkwycmNncDNXNDNmTWtJeTV5ajE5ekp0S1gxXzhDUS1mTy1tTHBNSW9TVl9ZalktTnU4Q3c?oc=5&hl=en-PK&gl=PK&ceid=PK:en,Africa,,,,,African News Agency,ana_2025-10-22.csv,,U.S. stocks close higher - africannewsagency.com,,,,,766.9603082135183
African News Agency,https://news.google.com/rss/articles/CBMimwFBVV95cUxOQkJ1VzBBLXZySFlnSFVRZzdPRGhJMnRkeU1NZU1QMDlZLU5JT05qdTMwbHJtRFhUUGlGbHlNVThlOG0wR2dqSE00ekdLY2FRMml5TjJrZkhfcDBRRjQxNHVZbFNnREs5S1JMeUIzSzlsdTlNdzRUbjNLbkhIMEwtbjFiRHF0N0xUSGpvQ05jWXhOZF9jTUdKTDU5QQ?oc=5&hl=en-PK&gl=PK&ceid=PK:en,Africa,,,,,African News Agency,ana_2025-10-22.csv,,"5.3-magnitude quake hits 282 km ENE of Lospalos, Timor Leste: USGS - africannewsagency.com",,,,,766.9603082135183
African News Agency,https://news.google.com/rss/articles/CBMivAFBVV95cUxOaFBIOHVuaVFkNldOVTNHbkh5VGMxTEhfUXNuVkZaOHA2dUZzRGJubXlockJQaUhXZV9WSjRwMkhvd2hjWU9FNG9mUFBiZ09nbEpBYjQ4SGs3T3o5VzY5SFZHLXE0UmdubUdvbzE4RGxEOXpjOXJwR29jNE1QV1g0TEFPS2loMmpJUzNqcEVqd25xTFNwQmp5WTNtUnR3dkdnZVZYRVJqNEN5elFEdGlmSnlRS3M4bkkxa0ZXcg?oc=5&hl=en-PK&gl=PK&ceid=PK:en,Africa,,,,,African News Agency,ana_2025-10-22.csv,,China congratulates Sushila Karki on becoming prime minister of Nepal's interim government - africannewsagency.com,,,,,766.9603082135183
African News Agency,https://news.google.com/rss/articles/CBMijgFBVV95cUxQTXJ4cW5MU09UX2VQODc3TDNpcUdFdV8yaUZJRElDZVpHLWFoaGJEY1phMkd2a1JYRVMtTFowUTVEUWdlMUNuQjliaVBDQzE3SGdrVlVBYnZaZW5CaFNGTXd6MERtOFhFUU9sVkIwam9oelVVNlJzMTRSck8yVlF3Skh0LUFsV0xOaFlFSEh3?oc=5&hl=en-PK&gl=PK&ceid=PK:en,Africa,,,,,African News Agency,ana_2025-10-22.csv,,"5.9-magnitude quake hits 52 km SW of Sola, Vanuatu — USGS - africannewsagency.com",,,,,766.9603082135183
African News Agency,https://news.google.com/rss/articles/CBMigAFBVV95cUxPUEhBb3puZHJ6a1QwX1loRUdnWkVEOU94QkxfSDZFaEpia3IxQ294ZDN3aVVwbUNmQmxfOHBmV1ctYVpzWFJoQy1yM2dIVjV5MU1XVXZQVTZEUTRjQTUxOWNmVDlsV2hNN3hMRklmVmUyM3FXdVhhc280VncyRmN1Zg?oc=5&hl=en-PK&gl=PK&ceid=PK:en,Africa,,,,,African News Agency,ana_2025-10-22.csv,,Road accidents claim 70 lives in Laos in May - africannewsagency.com,,,,,766.9603082135183
African News Agency,https://news.google.com/rss/articles/CBMiwwFBVV95cUxPNWlkOF9GT2tDX2Q3cU1XMlpQUmIwR29weXc0MjJZLUxPdGRoc2Frdjh4YkpqU1BCQ0dHUHRTRnRpWjlpcEV1MnB6UFFQeEt0NWJORV9sNW9HQmZSWE9SSWxOanprNFg5UTRINFNzTWQxOXpkZmstdGMwdV9oVVpEc2dLTVFRX1hlcmdlMlVld3dPbUdad0lLd0RTa19VdWQ3Z3pFQ3NLT01mOUFWc0V0amh4NFVuZVZuOTF1ZVNlZTVKNDg?oc=5&hl=en-PK&gl=PK&ceid=PK:en,Africa,,,,,African News Agency,ana_2025-10-22.csv,,"Flash: Xi, president of Swiss Confederation exchange congratulations on 75th anniversary of ties - africannewsagency.com",,,,,766.9603082135183
African News Agency,https://news.google.com/rss/articles/CBMinwFBVV95cUxNYU51cGdvSmFtM2MyRWNZX282RFlKc3hwZlJJMWRrOGwzdWt2Z3dCWjY4UjZNemw5Zm83aW1DU1J5YnAwRm1rT2Q2R0xTUGhsVEZxY0NySzdsT1FocWU0NlBYa21lV3ZoaEhmcjNYNVlxTlotc1ZOd0NZWHVXX3Q4NGlWVWdIbnRSdWYtN0V3R2s1d0xjZ0JsdjNvRjVXTjg?oc=5&hl=en-PK&gl=PK&ceid=PK:en,Africa,,,,,African News Agency,ana_2025-10-22.csv,,Urgent: Xi congratulates Mutharika on election as Malawian president - africannewsagency.com,,,,,766.9603082135183
African News Agency,https://news.google.com/rss/articles/CBMiyAFBVV95cUxQWEl1VWRQOFZlN1RtQzhuS183bHozV1RIaE9wcjRFQWFweUxlMlRVNFhDOXh6VlRhajRQbHpTNEpmdWVGSHFCOENEdE52Uk1wcVNzUWpnaXQ5Uml0M3Q0SEx4Y3h3ci0zekhJaF9LM2V5UjcyMUpBUE41YzRFQXFEV20yYkN4cTJBZ0VSLXBLTHlocmQxcDYwUWYzNGZoUXBmLS1CcVZ1SmRHcXpVUVg1SnJiNTI1T28tdGY3a182cjd3SnRaOVhmUA?oc=5&hl=en-PK&gl=PK&ceid=PK:en,Africa,,,,,African News Agency,ana_2025-10-22.csv,,Urgent: Chinese premier lands in New York for general debate of 80th session of UN General Assembly - africannewsagency.com,,,,,766.9603082135183
Asia Presswire,https://news.google.com/rss/articles/CBMiXEFVX3lxTE5PdW1nR3VKRXNnZmpCYlNVMDl6RkhOTjRXWWg0a25EM1VpZnBiREF0UXlwSVhzS0dCY1pyazFpN2QwR2NISE01NHg5MzU2ZnRlalFxcF9aRWdfNHVh?oc=5&hl=en-PK&gl=PK&ceid=PK:en,Asia-Pacific,,,,,Asia Presswire,asiapresswire_2025-10-22.csv,,Privacy Policy - Asia Presswire,,,,,766.9603082135183
Asia Presswire,https://news.google.com/rss/articles/CBMiUkFVX3lxTE5qSDVKdXRzQl8weExKVGVuZFR0aFpXQThWMTd4ZkxWRlRsQ1ZaYmlkT2lSbWYwbHNHWDZta2ZEWFZwRUZyb1h3Rzc3WU5YdjVyOXc?oc=5&hl=en-PK&gl=PK&ceid=PK:en,Asia-Pacific,,,,,Asia Presswire,asiapresswire_2025-10-22.csv,,"About | Press release distribution in East Asia, Middle East, Southeast Asia, Europe, USA, UK - Asia Presswire",,,,,766.9603082135183
Asia Presswire,https://news.google.com/rss/articles/CBMiU0FVX3lxTE9MbzBpNG1UWk5zVjBJSnpoVGFjTGRKT0dQbGtWc0g3V3cxV1BJS3NhZnBYeHphdjk5Y0NvVWJ0by1TazVxY19oSGMzOUdmaFg5X09B?oc=5&hl=en-PK&gl=PK&ceid=PK:en,Asia-Pacific,,,,,Asia Presswire,asiapresswire_2025-10-22.csv,,Login or Sign Up - Asia Presswire,,,,,766.9603082135183
Asia Presswire,https://news.google.com/rss/articles/CBMiVEFVX3lxTFB6eHg1SGlxZG94NlB4Z2N3YW5uTnJjbElGNUFLRzdHY19zS3hPLTVZaDgxUHBxS2dIR2xzSXRKYmtzQ2ZEMXhTZ3ZGdlY1bFlYOGltUw?oc=5&hl=en-PK&gl=PK&ceid=PK:en,Asia-Pacific,,,,,Asia Presswire,asiapresswire_2025-10-22.csv,,Pricing of press release distribution service - Asia Presswire,,,,,766.9603082135183
Asia Presswire,https://news.google.com/rss/articles/CBMiV0FVX3lxTFA2MGdmd2lsd3BsM19NcktnZkt2Y2VuVFFsQm1qT0NRUV9tWU1rR19SdEtOVmhxRS1Xb1VXXzdQN01OQW9CQy02ZHFWSlhHeS1lb1hnRG9NMA?oc=5&hl=en-PK&gl=PK&ceid=PK:en,Asia-Pacific,,,,,Asia Presswire,asiapresswire_2025-10-22.csv,,Term of Use - Asia Presswire,,,,,766.9603082135183
African News Agency,https://news.google.com/rss/articles/CBMiiAFBVV95cUxNcGFBN3pUeDF3YzJONkVtZUZOSExtUzdYUHQxc3NLX0lyOW5QSEZjalV5Q21IS0FjbjhNVm1McFBCSlo2RV9IVzRoa3dUTUVDbll6NlUxNjNnWjYyN0tyY3VsYThMelRvVG1TbGxYcFJDOUg4cEU2c29Jb0xJblNxbUhJQm13SlJM?oc=5&hl=en-PK&gl=PK&ceid=PK:en,Africa,,,,,African News Agency,ana_2025-10-22.csv,,Xinhua to enhance cooperation with Grenadian media - africannewsagency.com,,,,,766.9603082135183
African News Agency,https://news.google.com/rss/articles/CBMidkFVX3lxTE45bC1YZnZ1aXN5NFY3cUZSS3NFUU55WnBVbWNMNHRnSDd0U1BPWTBfbzdIU2RUMzhjTmhpQ1BBbFpNakFKbDUzWGJRRlFzek51TWJiWkhjXzhBRjNjLTRrSDhVcG4zWFlfNlFXeHBBRWF6ZlhBdmc?oc=5&hl=en-PK&gl=PK&ceid=PK:en,Africa,,,,,African News Agency,ana_2025-10-22.csv,,ChiNext Index opens higher Friday - africannewsagency.com,,,,,766.9603082135183
African News Agency,https://news.google.com/rss/articles/CBMi1AFBVV95cUxPNVhRei1ndmh5TExCTG5aQUl4ZlN6WXVSVExaVTQtSlpXUXptQ3lES2M5d2FVejJ5MTcxV1VEUGZpSVh1elJWMElMUUd6UnFxVTlOYjAxNXZfOEVJdUdPWHVRMjF3enQ2ZElFRkRqRzV6RTVkMmRZMktwV2oweGZ3TmJjdVJtRVpLd1NQbWg0ZHVyb1Rydk9yUGxQT080V1VxQzlPVGk0UWdUVEtwTjNZSEJ4bkxZTmtSMTYteDlhREZ2VnBtb05CU0hfQmk5czRTVktncw?oc=5&hl=en-PK&gl=PK&ceid=PK:en,Africa,,,,,African News Agency,ana_2025-10-22.csv,,UPDATE Berlin Fashion Week launches online with Tom Van Der Borght show - africannewsagency.com,,,,,766.9603082135183
Accesswire,https://news.google.com/rss/articles/CBMidkFVX3lxTE0zTEJ4WkxZMXY1eWVzQWdxTElCTU1EVVp4eWZOMlNlSW1rMF9RVC1qZGpIbExMRGdPeXFCUDNBQ01HMFdGVjJ6VEt1empnRXFueTNac2dxZ1puYTNjMVdnWjB4TEFuVlhHZ0syTjZFV00wbTN3aWc?oc=5&hl=en-PK&gl=PK&ceid=PK:en,North America,,,,,Accesswire,accesswire_2025-10-22.csv,,- ACCESS Newswire,,,,,766.9603082135183
Accesswire,https://news.google.com/rss/articles/CBMib0FVX3lxTE4yLVAyMWlGS0ZQandGWklRUXhOSVAtV2FsU3k5WGhOSUNyLV9mR281NTd0elMyUnE2Ulh3TmI0VEVUaGZLZmJHSVctTm1iczExeElCVFVuQlgzSUdNZHZoYUY1UFBONEFqMlhWMm9Rdw?oc=5&hl=en-PK&gl=PK&ceid=PK:en,North America,,,,,Accesswire,accesswire_2025-10-22.csv,,- ACCESS Newswire,,,,,766.9603082135183
Accesswire,https://news.google.com/rss/articles/CBMiY0FVX3lxTE50eEVxc2ZwbHVoUTlFeFJPVWtVUW83a3JQekdORldLazJzXzl5X1l0NjFFODRQdEgzYjFjRGtja0kwSWVMSG9nc1l6c1RtM0Q0bjI0NmNwTDhxYmNPblVvUnc5OA?oc=5&hl=en-PK&gl=PK&ceid=PK:en,North America,,,,,Accesswire,accesswire_2025-10-22.csv,,"THE ARBITRATION OF JAKE P. NOCH FAMILY OFFICE, LLC PRO MUSIC RIGHTS, INC. Claimants - ACCESS Newswire",,,,,766.9603082135183
African News Agency,https://news.google.com/rss/articles/CBMieEFVX3lxTE03R2RndGNPc0d4X2Zmb0FOTnE4bTNKQlVTUGVRbElVclFPRmFDakNfS1gxUXZSMExybU1uNFNROVhfMjh4NUtXaElEU1ZDNWVxZzdxRGEyMEdBMnRQQWdLcTFDQzVhT2FfS2ZhbUMyNmJEX1FiTmRjMQ?oc=5&hl=en-PK&gl=PK&ceid=PK:en,Africa,,,,,African News Agency,ana_2025-10-22.csv,,New Party chief appointed for Liaoning - africannewsagency.com,,,,,766.9603082135183
African News Agency,https://news.google.com/rss/articles/CBMivwFBVV95cUxQXzlEekhWbnQwTjlTc2VaNnYwOENoZlhQS3RDUm9SYU5BV1JFQll1V0w1SU9OTFlVZllLZ3JXTGtQU0pDTE1ROHhHaFVTR2JmdHMtVlMwTzdpTXQ4cFBGR0FueG9seWdEYlZaSDBuZHlmZjN0UzRrTlFCcVM2UUZmOUJoWko0WmFxTnRtZXlNOGJDSXU5dWV0ai1jNWgxT2FMMDNicVVOQTRQQUJGdjFJXzdjSGdHMVk2Z3NhUkhOTQ?oc=5&hl=en-PK&gl=PK&ceid=PK:en,Africa,,,,,African News Agency,ana_2025-10-22.csv,,"China urges U.S., Japan to withdraw Typhon missile system as soon as possible: FM spokesperson - africannewsagency.com",,,,,766.9603082135183
African News Agency,https://news.google.com/rss/articles/CBMilAFBVV95cUxPcUdyTXJJMEhnUzdWc1VlMzN0cTFhU1F6bFBQWDIySHhCVnBHRFlxQjJHVFpEOGdvRk9EWnRyMDIzSFh0QXgxMmxwYi0zYThpZWJjMlBiVF9PeG5nR2RlX2NtSzZBQ01wbkJHazNXTnN3QzBoQUR6ekpyNTFMVkh5NHoxZDMyOGRpWGN5RkZUS1VGTmY2?oc=5&hl=en-PK&gl=PK&ceid=PK:en,Africa,,,,,African News Agency,ana_2025-10-22.csv,,France in Madagascar: from soft power to organising protests - africannewsagency.com,,,,,766.9603082135183
24-7 Press Release,https://news.google.com/rss/articles/CBMi-gFBVV95cUxPQ1V5LVhpNFZnU2FxUjlTdmFzYUFBYXhLNzEzMEdFQlFsZHpXclBPWnFCTVRRb0RrWkoydTljcHpNNmktOGlQUEpVS3o4ZlIxVW8taEhWLXFhOFVDMC1KWjhQdERwcGtiZHRrOWYxZ1cySG4yQ0pvNzlOQS1yYlFRUzRyLXFud2tLVjlMZTBsUUliUzBab2JGYWFNNWFFS3RaZUczU21CbDR3ajVQdW00X3BkY3MzSHRadHRfU09uNl9CUTVMY2J4QmMzU2ZyRzNQUmw1UlZrUFJZdXpxcTJ5LU0zcWtQMk1ic0cwc0x6LWYxSHFkTFc3SUdn?oc=5&hl=en-PK&gl=PK&ceid=PK:en,North America,,,,,24-7 Press Release,24-7pressrelease_2025-10-22.csv,,"How Can Literature Illuminate the Void? Xuemo World Literature Forum Explores ""Eternal Love"" at Frankfurt Book Fair - 24-7 Press Release",,,,,766.9603082135183
24-7 Press Release,https://news.google.com/rss/articles/CBMiZ0FVX3lxTFBDVEMtRWU4WTA0bUstbTRSTUNqOGRtSGNtc1FnV1JYWkZSU2dmOVJCZDQzMjVtV09OSHVIMHVkdkhUNWFHcTFhS0VMbWswc0VhRE13ZUpjTnVTQWlMYjJrcjZFNW1Oc0E?oc=5&hl=en-PK&gl=PK&ceid=PK:en,North America,,,,,24-7 Press Release,24-7pressrelease_2025-10-22.csv,,News by Date - 24-7 Press Release,,,,,766.9603082135183
24-7 Press Release,https://news.google.com/rss/articles/CBMiwAFBVV95cUxQd2J2aGd4TndoNXJMQ2R4aE5YX1dUNktCYnVLNF85RlF6UGV3UXduVEE1NHFFUzBKRi10YlRMbjVIZ1R0OWpyOGsxV0J6ajg3cXVSTmhsSjJKQWI5WU94UWsxUnZhN3RDeUJJM3dNLXpoVzRMZHdOOXg5NzZJWV9OQnBqLTZKSE5peTNXRE9tV2dvbG5mSE43N2tfQmpmUDQ3NzJMRjZrV2dTMkYyVTFQRi1rVllfaXBSNW96RW5NdUU?oc=5&hl=en-PK&gl=PK&ceid=PK:en,North America,,,,,24-7 Press Release,24-7pressrelease_2025-10-22.csv,,Attend an Open House: Learn About the Part-Time Law Program at Stetson - 24-7 Press Release,,,,,766.9603082135183
24-7 Press Release,https://news.google.com/rss/articles/CBMiSEFVX3lxTE5lcUt3LV85aXI5bTF3a1RzWTAzb1RUeW1mT1VzM2N1ZzFQS2UwSE9BOEFiRFRITDlYNmdCdzY1V0hRZkp2X1F1dA?oc=5&hl=en-PK&gl=PK&ceid=PK:en,North America,,,,,24-7 Press Release,24-7pressrelease_2025-10-22.csv,,Press Release Distribution & Press Release Services | 24-7PressRelease.com - 24-7 Press Release,,,,,766.9603082135183
24-7 Press Release,https://news.google.com/rss/articles/CBMirAFBVV95cUxNRzcwd0ZHcFlNQ0lua3RVX3FzVnJMX3NpZVVDWTlJMnl5cHZRSUNxa1NHbGhweEFKZ3VNWTRyeGFRck5ibk1LS2lPQnZIMzNHbVFYMlI2dHhtZUZSS0tPTFlXTW8zQ08zV0ctNEVPRFlKcWhtYzVraGNUWHkwVmtFVWJvdU9fdUVGeU1iVVpweldiVXlNMUxxRUlUa1dhSUo4WlVHMFhNdm10LWZi?oc=5&hl=en-PK&gl=PK&ceid=PK:en,North America,,,,,24-7 Press Release,24-7pressrelease_2025-10-22.csv,,News by Industry - 24-7 Press Release,,,,,766.9603082135183
24-7 Press Release,https://news.google.com/rss/articles/CBMiY0FVX3lxTE9BUThSLWx4RGVEM25ITm1BeGNuX2lNMmVWQ1hTWXgxSnRFQk1FYUR6aWFNT0lyQV9RUUlNVzhZbW8yZ2RkX2lfX1VnWXNxNzAtUEhyQjdrWkswSTZOYkVkM1FvZw?oc=5&hl=en-PK&gl=PK&ceid=PK:en,North America,,,,,24-7 Press Release,24-7pressrelease_2025-10-22.csv,,Integrated Media Pro Pricing Plan - 24-7 Press Release,,,,,766.9603082135183
Business Wire,https://news.google.com/rss/articles/CBMi1gFBVV95cUxOaGM1VkhLVk9ScUVReGpPcERTcU5fRjI0NHlEOUp5VndXekI2QnA2bkRyOERnckMxNEJzd2VYNlRFOXFtdzhxZ0hNVm85amdXRzVKS1NLcFo2TWRZUk9oRHJxdGRuZ3VmY3hsLWFqeDhzWm9OakgyMFcxaFRrcHduN2hoNjNrQl9ma2YxVTB6aWZmYnhnOE1oVmRNTVExZ21kNlhOd3lWV1BMRFBDZUdNTVVVaUNHOXVrdzBfeVFKTDE3QldQUTY1a0NXd2tNWTZOT0pxMkpR?oc=5&hl=en-PK&gl=PK&ceid=PK:en,Global,,,,,Business Wire,businesswire_2025-10-22.csv,,Nebius Group N.V. announces date of third quarter 2025 results and conference call - Business Wire,,,,,659.4532479770268
Business Wire,https://news.google.com/rss/articles/CBMi-AFBVV95cUxQZGJJSDZfU00tM3BvTGZmX3JIaTRLV3Q2aXBlUXBrTmluLWowMWJlUG1SZnFNbkQxNTdTMUpXU3MtcjU3bVZDaEdia1dsRkprN3VQSFExcG9Pb0pWajY3VlBYRE1kbG50dk85RnZqMFRRQnJNeDFsRnoxenBBOU9ZRld3aUFlalg1V1FXaTN4Tno4Zm5OOExVdHFVRXBUNkJNMWZGVE5DZ3FCM2VfNkhsR2VReDMtODZYVmpiU25NNG1xb2Q5TnN3RzR5bm14YzJHZkNWVHU5TXRFSWRwQ0tZVDlIdDJRTV9qSEZVVEVFSHVvREpwMzBXWA?oc=5&hl=en-PK&gl=PK&ceid=PK:en,Global,,,,,Business Wire,businesswire_2025-10-22.csv,,"Sam’s Club Launches Member-Inspired, Chef-Crafted Thanksgiving Feast — Ready in Under Two Hours for Under $100* - Business Wire",,,,,659.4532479770268
Business Wire,https://news.google.com/rss/articles/CBMi9gFBVV95cUxQckJjU2JITmF5bkFYdzdtWFJEVjl6U1BLZG5MUEExM2RrLWVXeDJCNXMwM1dmQnRGZHlMbmdQZzhwZXhaRDQ2RE9SVW9yWWZkaUE1MFBXME5fWEhHMUJKUEZnYlZuUFJ0U0Y0WFVuR0Rya296bnlWbU1veUhHemtnVGMwRHowUHVLZk5hSmFYSHpWRjlGLUpRRnhNZDQ2eG11NFBnQWdGREhnX3A0ajZMdnZVRFlRaDJWclY0TWF3ZlFyVTU1YXl3bmFta2Rid2IzNnA0OE1FTHdGSkFTY1BHc3U1QkVSR25fbTJ4blpjOTlaMFpLNVE?oc=5&hl=en-PK&gl=PK&ceid=PK:en,Global,,,,,Business Wire,businesswire_2025-10-22.csv,,Merlin Collaborates with United States Air Force to Advance Autonomous Contingency Management Capabilities - Business Wire,,,,,659.4532479770268
Business Wire,https://news.google.com/rss/articles/CBMi-wFBVV95cUxNNllyY2lNRjU2OEhickFkQ2F5X3p1eUlMMDYxTnlOQUI3cjY3b0dKMGxQd1BieEF0T0NhMm5KTjRObG51UGR5a1c3NWQtb1dZQ1VwSnpBQWFpZXN6dE9sTnlETmVtRWxTMzFzVVBFV1RaOFJPUmY1U0xnQnl0dFNqTzJqZmlHSUJ6R3NkQ0VXZDdORjNuUDNtZXYzSlpuS25JLVNad0NXazg5TmpkRkRBSzJJOTVOeng0QVlES1Nqc1R5aU1pUHlOX3M3eUhReFI1YjRZcWRNZm9VRW1TTjVXeGR3M3cwb0FKc1d2NDNHS1FqdzIwVlZUX1U3SQ?oc=5&hl=en-PK&gl=PK&ceid=PK:en,Global,,,,,Business Wire,businesswire_2025-10-22.csv,,Lynk and Omnispace Announce Plans to Merge to Deliver Next-Generation Global Direct-to-Device (D2D) Connectivity - Business Wire,,,,,659.4532479770268
Business Wire,https://news.google.com/rss/articles/CBMinwJBVV95cUxPRnJWM1NiRW1rVTBCSHJQbVNLcWx5U0wxbE9pS2EtSXdVNHB2SDRESlhQdDdGek1sc0w5TkNkeFEyZk1sS1JUTms3anB4YkpEMy1NWFV0WmdhR2ZHSXhUYVBSaXhfQkxWdG9oaEcwQlBoYnI3Y3BqU05rY3FSQTk2Q3lzRWYtVzJhSURGNXRDa21COXp4UVNJSkZJR2dyNzJZVTFxZGZNUC1EMDJSeFo2VGJ5WDVxbXRxd3luTGhxa1RCU2l3OWRrR1FjREswblhlaldpLVZCN0FyT3JvTi12c3BOT0thdzM1anZaVmZUbzB6cm9jZWVVd1doS0dfdE5VWUp1ZVA0OERvNFp5ZDRSNGtxY0JoT1ZjYW52OE5ZUQ?oc=5&hl=en-PK&gl=PK&ceid=PK:en,Global,,,,,Business Wire,businesswire_2025-10-22.csv,,The Coca-Cola Company and Gutsche Family Investments Agree to Sell Controlling Interest in Coca-Cola Beverages Africa to Coca-Cola HBC AG - Business Wire,,,,,659.4532479770268
Business Wire,https://news.google.com/rss/articles/CBMi4AFBVV95cUxQcEVORUNIM3ZBTXhzWjdiVVU1dVI0TXlVTWNVZHlOTnBELVB0LVgxcHVnUlhMZUhST0licFFfbVduTWYybUxCMlF6Mng1cmpOXzd0cW9FeHdSdHA2MmxtNkM4QmlVZG8zOFF0VmJkcWFRYzNDOWNIMTBBYXg1SDVWSzZfYUJZb0ZSRTRhX1hJOFZTcFZNaGxEWTdvMjlVMDM4cGNYcU1zY2FSR3E5MzU2cE1EWF9lRlgtMUNoYWFQLVRIeVlnZHNJaS1xQ3lDZlpWMTg4Nm1XUDFSMkFQTFNCVg?oc=5&hl=en-PK&gl=PK&ceid=PK:en,Global,,,,,Business Wire,businesswire_2025-10-22.csv,,"Daylight Raises $75M, Led by Framework Ventures, to Scale its Decentralized Energy Network - Business Wire",,,,,659.4532479770268
Business Wire,https://news.google.com/rss/articles/CBMi0gFBVV95cUxQb3Q1ZUVmNUNpNE9TZmxLWldWTUVLeXNQSmhBMElXYWFrUC1uR3VINXpJVkh0a0xDVms2V2pfbXJHNm1QOG5ibzlqd0g5N2s1QWtfX2FlNFNwdGZobEoyZUIwVnpPeXNmRmdNNnIzRDBTMFotY1JQOHY5TEpEOG5DdGhIVWhqT2dneEkwaTB3Y3lZUUpXR3hsdGdoNWthTmtPeEhlY3R4blNyVXJjcFRTNVkwTmZuNV9QNjdmUnJTZkZxSFlHQkRUaVZZNURpZ1ZmaFE?oc=5&hl=en-PK&gl=PK&ceid=PK:en,Global,,,,,Business Wire,businesswire_2025-10-22.csv,,Battlefield 6 Shatters Records Becoming the Biggest Launch in Franchise History - Business Wire,,,,,659.4532479770268
Business Wire,https://news.google.com/rss/articles/CBMikAJBVV95cUxQVnpEUVQySTUyalZoQ3RaYmJPM2lPQWhtcW42QTRWcVc1dWMzbG05VDZlaEhMRkRDYzUtZjhIZjVuNlRrdkJHaEVPaXdOVUMxdUR4ekFBZk4yc212QnNUOTFLQUtPRmFzaDQyYnlCR3h2c2V1ZmY5dXQ5N0tYd3ptOHptRXBkN0l6cXhrZklOLXNGb2tmYS04c3JOTVBPRDRqUWlhc0lVY0pPaUJNd19EUDFfc2JHclljTDhETy1IVExrekNDWWZ4UXBxdUhjRWJ5bkRvRlFCb1NYODZPOU1fNjdxcHd5TE40cGdyc1U3aGo3bnhGOHVhMGVFX0JQNWdQTWU4UXFNV2hndjVGUEFWbg?oc=5&hl=en-PK&gl=PK&ceid=PK:en,Global,,,,,Business Wire,businesswire_2025-10-22.csv,,Blockchain Recovery Investment Consortium (BRIC) Announces $299.5 Million Settlement with Tether in Celsius Network Bankruptcy - Business Wire,,,,,659.4532479770268
Business Wire,https://news.google.com/rss/articles/CBMijwJBVV95cUxPQUdqREF5Ry1IQnE4UFRnXy0tdllHdHZfVTJjemg5cVVIUjFtNU9TX015RkxGWldjRkFuZHhFTnhrcUp3LUVwcnF3aUZPdHpuVE4tS3Utd196V3hWRW11Y2NTRzFpelNxNVNfLWU3X3hlam5ieS1kUVhRYThHT19FQkJLUmZNdGFkNlJ2OHBoMHplSVpUTnhHMXdQVVUtX2pYN2Y4VTJ3MXJTX3FkY0RZazg3c0pHU3diRm9FdGtUanJvZktNLW1BbmxRRHdQb2VDSldGdGVLYVE1UDRuYnEtY1lpTW9PZ0FTVDIxMkVldjBCa1A0cktYdW9oNzFwamdnSENNWllQd1VyVHU2N0tr?oc=5&hl=en-PK&gl=PK&ceid=PK:en,Global,,,,,Business Wire,businesswire_2025-10-22.csv,,Applied DNA Sciences Closes up to $58 Million Private Placement; Announces Initial BNB Holdings Valued at Over $17 Million - Business Wire,,,,,659.4532479770268
Business Wire,https://news.google.com/rss/articles/CBMiTkFVX3lxTFBMMXJBa2JfbHRQdkZZektOUzZ3aDV3RFRHcFBPeVNIYlNPb1FROFdCei1JVFVjLWo2N29SQjdsNUo3OGFhTEdQVFhiUTA0Zw?oc=5&hl=en-PK&gl=PK&ceid=PK:en,Global,,,,,Business Wire,businesswire_2025-10-22.csv,,Newsroom - Business Wire,,,,,659.4532479770268
Business Wire,https://news.google.com/rss/articles/CBMi7AJBVV95cUxPTFhISGREbksydTBBSjB5bmRUSGhDUzNGT3lLT2RlWGxEak8zSndMUktZMm12aUNhalU3Z3JQSEQ1T0F1Q0Rtb3Q0ZWVYRFp2b01LcHJkZTc5dkI5ZG9FSnlzNjh4Z1VLXzEzeF9PQTNteUhrSjJNLXlmdlVCQUhFcU9tYXRsQnJLek1ZdWJMcjZCLWtUXzlTbUN0X1hiQVE0NHA1VDZlMVBZUnVIb3Q5TjR4cXN0bjZmMWZmdDhERzBCV1BOS1FDd2M4V0RDSE5DUTF5NWhLbnJWR2JyYnJJeGJweWtNc195ZWtMSHRMektQbWFsQ2YtWmhIRUY3TW4yMVQwQk5yRUl0ZXRVX3JTTFI5SVVybWRZemhZQjlVSlVPd01XM09TeTVfVlM3LU9IRW9XR19YRXNrd3R2RTdPODBKREw3bkUtdjBYOUxtLTZOejFGRV81QlYwNWUxLXdpbXVHSUF6NHNPeUpx?oc=5&hl=en-PK&gl=PK&ceid=PK:en,Global,,,,,Business Wire,businesswire_2025-10-22.csv,,DDC Enterprise Raises $124 Million with Participation from PAG Pegasus Fund and Mulana Investment — Founder Norma Chu Joins Round with $3 Million Investment to Advance Bitcoin Treasury Strategy - Business Wire,,,,,659.4532479770268
Business Wire,https://news.google.com/rss/articles/CBMiygFBVV95cUxPNEJZajI5UzBMbmNtR2xfSG9Ha2d5aFhmS2FJRkNrZWFGdnJZY0xfYjZ2MUNIMzhPU0hOMl9iWXV5U2tlTzFsd0x4akVvMTN6ZHk2WEVHUHRENTBnYmFFZ3FQb0NUcDh0UjhNYnhXQW1uSzc1RndQV1Rkam1lUTJrRmNFdk4wS09majZVT3hERHYtSi1IYVJkLVBMTHNIWS1kRDFTS0JUV29SZmZqMGQwem5VbG5YV09XYWhlQVZod0dILTU2NlVOLTlR?oc=5&hl=en-PK&gl=PK&ceid=PK:en,Global,,,,,Business Wire,businesswire_2025-10-22.csv,,Liquid Agency Launches Ai Studio to Supercharge Brand Creativity at Scale - Business Wire,,,,,659.4532479770268
Business Wire,https://news.google.com/rss/articles/CBMiogJBVV95cUxPWDZuN0RFdk5ieXo5U0hLQnBidkJkaDVQYTB6MnJXYXVCNjJZNTM3VFhvTlBYTy16ZXlqQnZ4MV9Td2Q4SEVzc1NYTUxGSHZrR3p3RjhXUHpreHEtSTlFYlJXSzNyNHU1LTg0QVZnX1M3Wmd0dHZxeEhqWGM2T1Z2bkhaUzFUWXV5NVlRemF1Z2ZTaTRrMUdFVkVJZWI0Nnhyc2kwOWhhQUhHbFMzTUVJb3BDQXhlUExoYmpCVkhVek4yVjViOE1mOGp5MkpyOVMza3IwNjk5NDU1M2Z5Q01DUnZ3cVdEVEZncElaUW52Z21SMmNWNWtiZVNGSTI2aWVRb2lsWmVHcXdDLVhhZy1CaUhtQW15amdKOG5fRHY3SnJsdw?oc=5&hl=en-PK&gl=PK&ceid=PK:en,Global,,,,,Business Wire,businesswire_2025-10-22.csv,,Palliser Capital Presents Recommendations to LG Chem to Unlock its Deep Discount and Lead the Charge for South Korea’s Capital Market Reform - Business Wire,,,,,659.4532479770268
Business Wire,https://news.google.com/rss/articles/CBMivAFBVV95cUxOa1VvaWVuTUVLbzVBSlpqc0pBQUdvMmx4cGNHSG81YUl3ZjRVQTBTdVFOcTZSeEZ1ejFsZksyTWdSUGpLeWxCY1hLLXVMaEN4LUZib2dNWnRNN0pTN2hmRXBvZk5kNURUU3lBZnlUWlJiVG9VelU4MVpKbEtLY0ZaSUdqXzBPTVdyaFBZajNMUnVZNXhJNE5hQUZIVEN0Qm1wc0tQWE9Cc1h2RDR3a3cxNlAzQk1tQ3R5NnZzVQ?oc=5&hl=en-PK&gl=PK&ceid=PK:en,Global,,,,,Business Wire,businesswire_2025-10-22.csv,,Groupe OKWIND: 2025 First Half Results and Third-Quarter Revenue - Business Wire,,,,,659.4532479770268
EIN Presswire,https://news.google.com/rss/articles/CBMiW0FVX3lxTFBxa3VlUlVGRFU1UFZIVG5xdU9lQlpxSGVJU1JTWE8zZlNZOUpuVFlHcnhNX2FzYU5YclNKX0ZWWTdfdVN3SzF3S3J4bkVhaGJoeUFkam1ILUdwMWs?oc=5&hl=en-PK&gl=PK&ceid=PK:en,Global,,,,,EIN Presswire,einpresswire_2025-10-22.csv,,Press Releases - EIN Presswire,,,,,659.4532479770268
EIN Presswire,https://news.google.com/rss/articles/CBMiTEFVX3lxTFBIMEd6REgtSlpsRk1YVzBUeVo2OUxTaGtUWUZScUF2eE5jUWF5Tzl2eU1zWTdJWmZ5SC1YcEtqMHBTb0hZMWc5RVViT0s?oc=5&hl=en-PK&gl=PK&ceid=PK:en,Global,,,,,EIN Presswire,einpresswire_2025-10-22.csv,,Contact - EIN Presswire,,,,,659.4532479770268
EIN Presswire,https://news.google.com/rss/articles/CBMiwwFBVV95cUxPcWZqT1ZoUGp3R2xld0JQNkw0NDBmS0VVS0VFRzAtMy1rSlJNYjU2Qjh1aVpScWJ1V1VYMUtQeElpdFV0YWNrTTVjek83bVRaTG1SWFZNSF9FOFM3cmpsWDhydF96VEJWVWFtdHpOTUFBYzhvcGZzVHVkbXZhNWllLXNqNVFQSHBoR3g5SWJnSWtjWnRnZUdaZGdpTVVGV3FBWDhXUTBjbHV6MnVhSVpmTXZ0WUVwbjlFdVNLU19tWUE0a0E?oc=5&hl=en-PK&gl=PK&ceid=PK:en,Global,,,,,EIN Presswire,einpresswire_2025-10-22.csv,,Membrion secures $20 million to lead the future of industrial water circularity - EIN Presswire,,,,,659.4532479770268
EIN Presswire,https://news.google.com/rss/articles/CBMi-AFBVV95cUxObGp3aUdrcjl4TVJmY1o2Rl91YUI5dW4xV3daRVV5S29jYml5YTFNUV9DX01TNXBaLUV5NWUzY2wwc1BFRGZ0YU8wTVNadWpYZEROUlMyVDVMaDJ6NXA2TmRvOVFMLWxPUkxGY1U0aldIWGZXTFkwZ3hTUFRuOXNxT3ZOYjBLa0JMMmI1bzRxVnVzSW01U2Q3ZXcwb1U3YVlTdjZ5Q1oxQXZ6VGJEM2lTdmNHX01uYXRneTVnbXFja1ZYR1UzTjlmcDZXcDlFREtSYlg1ZjdhTW1TeGhBb2VWZmpLMHJ3dVpGQ3paRFZfdjlvaFlkdm1pRg?oc=5&hl=en-PK&gl=PK&ceid=PK:en,Global,,,,,EIN Presswire,einpresswire_2025-10-22.csv,,Zappix to Showcase AI-Powered Digital Patient Engagement Platform at 9th Annual Patient Experience Symposium in Boston - EIN Presswire,,,,,659.4532479770268
EIN Presswire,https://news.google.com/rss/articles/CBMi3AFBVV95cUxNRUR0bkEweWhHNjZteHNWb3I4aFUyV09qTG9mTlFZcl83WG1Ld0JFd0s3ZEFZQ3ctM1IyZktWczg0UFhMMUZCU0JVUzRiZi10NTVBUnVadGxSa000UGg2TFNReHFZQ0F0bFp4VTMxX3p5cElpSFZ1M2RWT0NtcHNxVlcwVTdnYTBNZlJrU21WQWQzVWJzRHJHWG9ZU2ktRWtPY0hJejJfYlZ6bmgtaGRhajg0cEhGSDkycHZYdGZMZWtDaHhsbUlSejFaRDEyNHFDSEdFRHRhaHJMRHEy?oc=5&hl=en-PK&gl=PK&ceid=PK:en,Global,,,,,EIN Presswire,einpresswire_2025-10-22.csv,,LeadSmart Technologies and Kore Partner to Scale LeadSmart Channel Cloud for Epicor Eclipse Users - EIN Presswire,,,,,659.4532479770268
EIN Presswire,https://news.google.com/rss/articles/CBMiyAFBVV95cUxQb2ZnNjVpWGFJOVBrLVd3VUV3RDFacEI2WC1qUy1XbWZrTW9RR2dpcjFGMjNvalBXVFdOSHp6aE9FVlM2SlFNblJieF9nRkZuM1ZuVkluQmJ5YVU3eURpejRYTHRpWXVjckJSTC1BMTc2WlkyLURYbjFEc0FuUTNhb2NtdGhDLUExbWxBTnEzOXlyNHdibnE2TThJSjNPVWEzQTBRZ29EWHUxaWM4RE84TDR2b3pjdzl1cHFkQmhNV0dlSlhHMlNOZA?oc=5&hl=en-PK&gl=PK&ceid=PK:en,Global,,,,,EIN Presswire,einpresswire_2025-10-22.csv,,ResolveXO Wins Real Estate Advisory Team of the Year at 2025 RICS Australia Awards - EIN Presswire,,,,,659.4532479770268
EIN Presswire,https://news.google.com/rss/articles/CBMi3gFBVV95cUxQblVqQlRKdWNsZjY4a3QtOHFSaDNUbVU5Qi0xS24xSmNSZTIwYkxIMjRycV9hR1BIRjBsdWE0YTNFdmMzU05Oa0NMeEFEaDE4ZnZFczFtMXUyNzNfUkw1Tkd0Ylk2VlZVM0lXR3BkRUNYTkhOTWpsOTBNLVI2US1TV3cwS3JmR2phSjJ6YlBaS0xiNHA4dGtPMzVMNldEa0ZwZnRxODBqNGp0VnVYcWQwbmFhREU3RVFodERhNHZITWhnWEtBdndLakE2MjU3eFF6dGlNckl2d1Exc01JYnc?oc=5&hl=en-PK&gl=PK&ceid=PK:en,Global,,,,,EIN Presswire,einpresswire_2025-10-22.csv,,Dr. Cornelia Shipley Bearyman Leads Efforts to Redefine Leadership and Culture in Today’s Workplace - EIN Presswire,,,,,659.4532479770268
EIN Presswire,https://news.google.com/rss/articles/CBMi7AFBVV95cUxPek5YMllOSUVub3YxaV94VVY5cmM3VUVRU3ZVMnBZTzc5TnVnV3hMM3dxQWtpck9BUnZXNTB5bjhWR05ScXVQQ1VOSFFsdE1RVGtpbEZmRy1fX2N4RTJHTWcxdmpJT0pVc05zZkxDclczMXF3SGRfNUVXa2RGeGdaT1FZamp2TURPUFI3ZS04VlQ2YzB6ajNYYlRtZHJJYlZXa0htZU1FVkJLVTBZLWNOUW1FME1oNFRGbm5BbTBjNmFWUk03V0taNjZ3M1MtMHdJSFZmSzAyaDJET1pEM1g1aUR3STk3Mkc1MHpWeg?oc=5&hl=en-PK&gl=PK&ceid=PK:en,Global,,,,,EIN Presswire,einpresswire_2025-10-22.csv,,China's top solar photovoltaic system solutions manufacturer：SUNROVER Wins Hearts and a 15MW Contract in Iran - EIN Presswire,,,,,659.4532479770268
Business Wire,https://news.google.com/rss/articles/CBMizgFBVV95cUxOallVTER0QmNLRzg5QU94ZDJFUkFJT0QtUkFEdi0wMkZCZGJzQXlBMG03QTNNeEEtaFVXdnpoNUNSb1BxSjhMdDRRbkNHR2xvU21JZWtyOWxNSGc5VnRSYmJYdnZEbTNoYUFmVGNHZUZhRU9rcHZIbW5iUkhpekRIQlU3c29tSFU5UFVZYnBNUy1YSGJBRWtSSEhJUDJVTGYtMURrLTBTMHVQbjdST29Vc0xoTFhnLXo5X0sxZkVIbDlYRjRCTkJOamQtMGFsUQ?oc=5&hl=en-PK&gl=PK&ceid=PK:en,Global,,,,,Business Wire,businesswire_2025-10-22.csv,,ŌURA Raises Over $900M to Accelerate Global Expansion and Health Innovation - Business Wire,,,,,659.4532479770268
Business Wire,https://news.google.com/rss/articles/CBMi4gFBVV95cUxNd21NZFhOVHl4ZU5fNzRudnZ0bUNEakltOWszZzQ0NzJYTkpRbVpMZTlIU0w0OW0taUkyeWNHWVh3bnNxd3M1OGZZRUdQTEJZd2lWVlhLaFEzZnhQNGZqb3U1QV8wekQ5RU8zMG1KU1VKUG1OTnBlRVVPWG5DWXlxdU1mUzRxRkQ0ZThodVVYY1ZHa013MHlQM3UxbW9iclRZcGJSSFZ6Y00wOFFTZ0IxY0dnRjA2SFM0cFF3bWE3blhwZVJzWGZtMW9hMUVTV1k3M2Q3eTRJVVJEM1ZUNW9aVXhB?oc=5&hl=en-PK&gl=PK&ceid=PK:en,Global,,,,,Business Wire,businesswire_2025-10-22.csv,,Farmers National Banc Corp. and Middlefield Banc Corp. Announce Definitive Merger Agreement - Business Wire,,,,,659.4532479770268
Business Wire,https://news.google.com/rss/articles/CBMi5AFBVV95cUxPNFIyR0ZVaE9lZWg3MzB3WnlCejdVcEFrQ2hQNmFoNVdrUTd2dkdqcUdUeUpWR0JLdnpleHVqZmpMS3VUdWpGU19FQ2x4eWdVa2liTGdrUmE4Q3N4bmVZZlFBVXRzeTlrLUFFNjZLTEtWSmNjZkhXeUVGZEc1RDBmek8zM1hab1UwM1c3NTlUbkdMSk83QzJhcWNKRDA3MndOSVdndkdaYmZfM2RBamFFMUhtWDJCVFo3QnAxc3BSZ3hCQTBzdXYwUFFxcV95QW1BWURXeWRQUDVIZm1PUEZWZXBMVzU?oc=5&hl=en-PK&gl=PK&ceid=PK:en,Global,,,,,Business Wire,businesswire_2025-10-22.csv,,"KRISPY KREME® Frankendough Dozen is a Monster Deal, Available Wednesday and Thursday, Oct. 22-23 - Business Wire",,,,,659.4532479770268
Business Wire,https://news.google.com/rss/articles/CBMiTEFVX3lxTE9URGpQbFFNQzl5ZVJZLXVoZ0hrM09VN2NlcGpHRWthb2JPMXdBeGthZFFORkVSUGhmUkN0bmM3dzg3aHRWRlI0Zi1TTEM?oc=5&hl=en-PK&gl=PK&ceid=PK:en,Global,,,,,Business Wire,businesswire_2025-10-22.csv,,Business Wire Press Release Account Signup - Business Wire,,,,,659.4532479770268
EIN Presswire,https://news.google.com/rss/articles/CBMiVkFVX3lxTE1xSmRSdWhvWEZ3eUpYT1k0U2pOOFE1cUJhS3dmNFBPMGZsbDlvX0VkODN2b0VMRmpubXVTQ0Rzd293QXZyWkk2ZGdlOHRHVC1ZWlNORkln?oc=5&hl=en-PK&gl=PK&ceid=PK:en,Global,,,,,EIN Presswire,einpresswire_2025-10-22.csv,,Energy Industry Press Releases - EIN Presswire,,,,,659.4532479770268
EIN Presswire,https://news.google.com/rss/articles/CBMiXkFVX3lxTFB1Z0w3bTFTTXljd05zWDF6ajNzcWpuYUg3X2NMWEZZU2IzcEhHOHhNOEFXdzJ4NklHcGZfZlVpNmdld0o3NFFNdHVKcjRFcE5XS1ZfaXFWWERCX2VKR2c?oc=5&hl=en-PK&gl=PK&ceid=PK:en,Global,,,,,EIN Presswire,einpresswire_2025-10-22.csv,,Editorial Guidelines - EIN Presswire,,,,,659.4532479770268
EIN Presswire,https://news.google.com/rss/articles/CBMiZkFVX3lxTE13U2t0UURRRHVBQV9VamNjbnRlTDNKTlVfMDRPSk90RnBfTHlOM1lMeXlvTlRhWWZJNlJ3b3pEMmNWZUxUVW1XOVJWRnl3ZF9RTG1lelU5MUFPTkVBVEVqXzByYklnZw?oc=5&hl=en-PK&gl=PK&ceid=PK:en,Global,,,,,EIN Presswire,einpresswire_2025-10-22.csv,,Aviation & Aerospace Industry Press Releases - EIN Presswire,,,,,659.4532479770268
EIN Presswire,https://news.google.com/rss/articles/CBMiSkFVX3lxTE80RnpReUpZSldPS1ZzRTVKdmRLVUlmVjBMOEVXSXRSTVVldGhXX3Z4d0FUcTVxOEFsZ2pncDNPbVlabElUME9IXzVB?oc=5&hl=en-PK&gl=PK&ceid=PK:en,Global,,,,,EIN Presswire,einpresswire_2025-10-22.csv,,About EIN Presswire - EIN Presswire,,,,,659.4532479770268
EIN Presswire,https://news.google.com/rss/articles/CBMiZkFVX3lxTE55OVlyU1hJUG1lZVl4RlB1LXNuRUtZSDdrMFA1a2tNMWhTM3JrVHdpU2lCV05taDIyVjIxclQtUFNfTjRFVkVaSF9jYVpHenlIOHVza0syaWlmenBkS0pHcGlPYVdVdw?oc=5&hl=en-PK&gl=PK&ceid=PK:en,Global,,,,,EIN Presswire,einpresswire_2025-10-22.csv,,Telecommunications Press Releases - EIN Presswire,,,,,659.4532479770268
EIN Presswire,https://news.google.com/rss/articles/CBMiYkFVX3lxTE9BalhZSmNTcjlrdlpfaXhwa3VDU3hybGRRQ21pcmM4Y1E4S1Y4NzM4X3M4NGVzS3pUODFoWDJyenZXUXpkSlpUSHRUbElmZmJ0NExzZEMxdkRRei1DYnBKZGd3?oc=5&hl=en-PK&gl=PK&ceid=PK:en,Global,,,,,EIN Presswire,einpresswire_2025-10-22.csv,,Featured Press Releases - EIN Presswire,,,,,659.4532479770268
EIN Presswire,https://news.google.com/rss/articles/CBMiXEFVX3lxTE4tZDlwYnFqM2haVFVpWG96LWViMGZLckVBNUw4Q3lMS1BhdDBYenFGVy1OZFdUbk9GMzRjcElrUU03a1NnSHota1dnemhValA2dFZ1RjFKamdySHlJ?oc=5&hl=en-PK&gl=PK&ceid=PK:en,Global,,,,,EIN Presswire,einpresswire_2025-10-22.csv,,Newsmatics Press Releases - EIN Presswire,,,,,659.4532479770268
EIN Presswire,https://news.google.com/rss/articles/CBMiU0FVX3lxTE5YdmtfUVFxVk9RVVhIeFJxaHNrN25NWVFnYjFJSE9SaWk3Z1BHS3EyLXBibDRVT2RHUFZZS3R0ck4yWGtaU04xVVhBeG5zcV9xYkNZ?oc=5&hl=en-PK&gl=PK&ceid=PK:en,Global,,,,,EIN Presswire,einpresswire_2025-10-22.csv,,Press Release Distribution - EIN Presswire,,,,,659.4532479770268
GlobeNewswire,https://news.google.com/rss/articles/CBMi6AFBVV95cUxPV0tIdXJzLUtqMURpXzJyMS0xYXNWUVdFVnpIVmdrVmxRQlJFOE84WHZybjdOTWFZN05uWjhWQjYwd1NuMDc2Ujh1alZkeTViMTZKYi0xXzhsY2VOQWpablZXQkFMUXZVMEo5Q3RxN2xWdTZhOGJSRzlSWjhwTUZTeUJ3WFQ4TllnVjJfRTBrdHMyR25BX00wajg3SGdpRGJodE9xU3lwRVNPckpRc2pZYnUydGR0SWRvQzRKQUFNcEdfdExGdnVvdnRnQXFEVkl3eGg3WW1ONFhNd05KWnZBVEgzdW5ieElO?oc=5&hl=en-PK&gl=PK&ceid=PK:en,Global,,,,,GlobeNewswire,globenewswire_2025-10-22.csv,,Retail Investor Advocate Eric Jackson to join ProCap Financial Board of Directors - GlobeNewswire,,,,,659.4532479770268
GlobeNewswire,https://news.google.com/rss/articles/CBMi8gJBVV95cUxPNzRreFdZUDAxdWxVdkJwTkt0T19WOVotRmVVSXRsWW1JWUt6dHAza3pLaHd0VXo0VmVmVDRmU3V1MjlhQkJiMXowZktTMHFJUmxxWDdWVnliM0tiQXR4VTFITDdkd1VDZTJPVGc1NUZaaEdkUGtINVNBNnZWekxMZGdqSk5MQVROcmpINF9ZY0dsQVN2TE1lV0RmSFBZRk14eERLTUFScVhBemxPMTdjU05fQ1lDb205bUN3Qzd1RkNzTGxqWkhuTU9mRXpWOHJnM1V0aTZ0MDlOMDNmVU9lNkpiYnVqS00zdHpBQ2IyLXA4NG5DMF93RHBTR09XWEdYUlM5d3ZJR1dtU0VBaU1jNnREU254bjZxRXNnTlBHcG1HeHNuQjgzc3hubW9VLXRZODloTHpvQzQ0SXJKdVEyRldzdmJPZ1hxWDV5UVJSdjhCdnlYSWJFRVh4QTJCMmZmdF9qNWkwR3VINmV6YWdHSGRB?oc=5&hl=en-PK&gl=PK&ceid=PK:en,Global,,,,,GlobeNewswire,globenewswire_2025-10-22.csv,,Minerva Neurosciences Announces Financing of up to $200 - GlobeNewswire,,,,,659.4532479770268
GlobeNewswire,https://news.google.com/rss/articles/CBMiggJBVV95cUxNeG1BazBMSWlMWGNvdVVJMnA0RVlqcmQ1ODdFZ2dQTFJTT3NoaUhjb2Q5WHdqdVN6R05XdTRmNUdFSkJHdEUyXzNYZGJEUm50VHNRc2wwZlg0MTBOcGxBZVdISk9VWE1Udl9IR196NVJvcTFxYjd6aWhiUFZkY1dWNWQxR2NhNDNlNEJHQ2xQSHo2Rm1kMFBmeUdNVjNya2Y2QXY0ZzU2VDRFWk1mOTFLWTlNT2VGZkp5OEhhLUFrMW1UYkZvbzJSQmlaZDRqTkNrS19mOTlkSDUwSkRmZXhfWlRMdjc0bjVSSUZZMjFwbkRJT0Z1Skg5bGF5X1FnOWQ1cWc?oc=5&hl=en-PK&gl=PK&ceid=PK:en,Global,,,,,GlobeNewswire,globenewswire_2025-10-22.csv,,Replimune Announces FDA Acceptance of BLA Resubmission of RP1 for the Treatment of Advanced Melanoma - GlobeNewswire,,,,,659.4532479770268
GlobeNewswire,https://news.google.com/rss/articles/CBMi5AFBVV95cUxQeE9nWjNyZ0VFMVkwTlpsbEFtNTE0WjNvZ1EtYm9jTS1zU3R6RHdIbWlXQ05LNExYMXpBNWsxdzZ3SkpUQ0lwd05qaTZRdG83ODJmeHoxakU5ZVUyenpKb3dKbXdVeE0wVEVKNkNzYTRtZWM4VHUwVHBTR09hT0RPRkVqRFpkT3hDbkliNjJCMExFaDFPNWdtUmJVZGZRdl9jeGVCWERkQ1hYWHNrcG1vRFZwQXVWY3Z4cTNDZG96aE9ZYUwxaklrb1VIWHJXYmUtbWIwZV9MVE8yLVd6Wkg4dHpZbUk?oc=5&hl=en-PK&gl=PK&ceid=PK:en,Global,,,,,GlobeNewswire,globenewswire_2025-10-22.csv,,POET Technologies Receives $5 Million Production Order for 800G Optical Engines - GlobeNewswire,,,,,659.4532479770268
GlobeNewswire,https://news.google.com/rss/articles/CBMilAFBVV95cUxOc0V6NXJ6NjF6WUNSckwyd251bE5oSUZzMjZQOGRaVFlibXNaSVJIM0hWMHNqdFA2cHNFZk5hdmhONzJ4NzY1eUVDWldwS0lwbWVEZjRrN0IxNW4zdW5XWF9SOXVmZTl4YjdHT0Zvd0M4QU1xZ1ZGSzJkV29JWXVWa2tta1VyWlhoMGE3MTl4TjI4VERq?oc=5&hl=en-PK&gl=PK&ceid=PK:en,Global,,,,,GlobeNewswire,globenewswire_2025-10-22.csv,,End of Day Message - GlobeNewswire,,,,,659.4532479770268
GlobeNewswire,https://news.google.com/rss/articles/CBMi2AFBVV95cUxOalV6NmV2SVdoWUdZWEU4emhQVnNwSXExaTdOWWNJRThDbDhrX1p4djJ6SU0ySFZhNDl5WTNXd1FNTDV2bG51RTJkMmdobFVnR01YZVJWd0FNOGxrNUdIS29sUHFjT1QycE9fUXBFYmZDLVJjUEx6S2pERmc5cHVaZllTcnRaMGVHOVlxaFdoM29LeEVoNGZ2VlhHQjF6N3c0S0xZc1NzNlhJTlJOZU9KTDdlM19VR3FkZXRsLXNrMGhPTmxTTHFuekllMHc1emU5YnhMbG1CREE?oc=5&hl=en-PK&gl=PK&ceid=PK:en,Global,,,,,GlobeNewswire,globenewswire_2025-10-22.csv,,Notice convening an Extraordinary General Meeting of Novo Nordisk A/S - GlobeNewswire,,,,,659.4532479770268
GlobeNewswire,https://news.google.com/rss/articles/CBMiqAJBVV95cUxQamM1Tms3R3ZTRDhaWVRwYVQ4TFFBOEdiOWV6Z0NLajQ1a0R1Tnc2WENESkxESXZNd1A1SzluOXdHRERjZzlVNDI5OWFLcUFOY2RDVUVEdTk5dzR0Sm8wTnlKSklOb3Y3aC10UHlRc2dsMnpRWHpjUDR5X1gxVmxhT0Q3bUg1UUY1YlUxaC1CNkctbjRBOWdQcmxLWXV2VkUwcnNuMnBUQXZyWV9hREpJVkhrd3JVUGpXdzNhX0lQb2g1OXd5Nl82Q0FiZ3EyQjhjaVJ0ZXhGZlZ4THhtemFUMzF0YkRabmRlQzZDYk1hclBzRlJ6VVdIa0hnRGFEZzNSN3h4T1JWYTNIdC1zVjdscHlTTk9QZnZUcVVjU3hERFNfMUQ1R0VqXw?oc=5&hl=en-PK&gl=PK&ceid=PK:en,Global,,,,,GlobeNewswire,globenewswire_2025-10-22.csv,,CleanCore Solutions Provides Dogecoin Treasury Update; - GlobeNewswire,,,,,659.4532479770268
GlobeNewswire,https://news.google.com/rss/articles/CBMiuAFBVV95cUxORUZBYVpndTMzMzBpeHRyaGJlaXk4UnJnNWlvSHhJZ1lBYnFtVWlLQVJNcXFNck9uTWxqLWhPcXpsdnZFTmZUQ2wtRjVWeHhnU3FzQkY5LXI3eU5FZmUtMkxBdm8wNm5GUnlXWjV5WHhGS2RSUDVLbzhVa3dWa19HY2FZdFBUUFpESWNTclc3Q1h5WWlWQktvUS15eDF6VHpkX2dVME1vaFFxeG9ZQTRFVE1GMUxxMy1q?oc=5&hl=en-PK&gl=PK&ceid=PK:en,Global,,,,,GlobeNewswire,globenewswire_2025-10-22.csv,,Intuitive Announces Third Quarter Earnings - GlobeNewswire,,,,,659.4532479770268
GlobeNewswire,https://news.google.com/rss/articles/CBMijAJBVV95cUxQSHR1YVBtM0JPc3A5N2pMajdmUFpuUE9XTUJmZzhBUmItZFg1UVEzdGUteUhKMnpsVWZVSjNhcWY5Q2NLVU5BNHpsWFdXc1YyckhCRG9WNGhLcXdlQmhrYjVZVzg4RkNKQ0JQckp2T2IwOHhXVjBiOVRkeDRJNW9abEpOQW9Idlh0NWxrMVlwUFFoUGZlSnZfdEgxR1NhOC1lMDh4NHNtZzNhckRFSVo4VU9hSEJpUmdIa09qS3hvRnhLVnZ0ZDZTNUp1UlJnemE0bHhxODhZaU03UlZ5WGF6dXVkdEN1aDdjeWNOdmxfWklRekpEUTZka1NuVGpBQ1k3RWhPT0JONkVGTFN0?oc=5&hl=en-PK&gl=PK&ceid=PK:en,Global,,,,,GlobeNewswire,globenewswire_2025-10-22.csv,,Fitell Corporation Receives 180-Day Extension to Regain Compliance with Nasdaq Minimum Bid Price Requirement - GlobeNewswire,,,,,659.4532479770268
GlobeNewswire,https://news.google.com/rss/articles/CBMisAJBVV95cUxNQUVvcVo1Y1FvLVV3RlZ1ei1NQTl6ZjRoWUtKamhRRERwUlE4SUZ5ZV9XZGo4cnF5Y1JLOUVTamZ1aU5lUkhyWmc4R1QzYXI5RVUzeWNQNzhjNFVrVmVQbjkySnhoeWlERXdXY0F5dURxeExyR0dBUnFzOThUYkl6QkZPa0hjVnpPU2czNEZkNVgwQkdKa0NJejVyWkN6cF95dW5GS1A1QjBqVW5oSlp4YTVUWFNMWTJoSDItQk45WG9acjQyZWFiblNfaHN1SWtzV2M1V2dTelFGSnZTR2dQeEtwMzVHM2hQRDk2YkxKVVJzb2V1dkJyb21HRkVHWmtacEJ3UzlPVFlwTkVKdGxDZzVFdzhiMDVPcl83NkN0ZzctMTRVMkk1Y09GSFlDWFd4?oc=5&hl=en-PK&gl=PK&ceid=PK:en,Global,,,,,GlobeNewswire,globenewswire_2025-10-22.csv,,"FORTINET CLASS ACTION REMINDER: Bragar Eagel & Squire, P.C. - GlobeNewswire",,,,,659.4532479770268
GlobeNewswire,https://news.google.com/rss/articles/CBMi7gFBVV95cUxPVTNzaDVYNzNsQ0NZUVBxVE52OTI2VnNWN1o1YTdPbm0wZF91TFZiRjVXNVppTkc3SHJ1ZVIzLU1CTEdhaXItOTZtMl9GMEotSGNzd1NVWHNjVkluOHI5R3dwbzk4TmtPamJPN1dVeWROMDdiemN1NE9objNvVHVwSV9ZZHRsLXhCNEwzdE95V0l0ZTZKRFFpc0FZS0daYy0wZU02VlBIaVRWYl95T2Zmc3BBdjk2VmR5UHF5aVg1WDRBVTR3RWdUYmRYbEoyVmNfUkgzWDVhTjNYOWxfQUFkcWE5OWVjQl9vSVBMYkJB?oc=5&hl=en-PK&gl=PK&ceid=PK:en,Global,,,,,GlobeNewswire,globenewswire_2025-10-22.csv,,Reed’s Schedules Third Quarter 2025 Conference Call for November 4 at 8:30 a.m. ET - GlobeNewswire,,,,,659.4532479770268
GlobeNewswire,https://news.google.com/rss/articles/CBMi3AFBVV95cUxPZzZSVmUxTFd1TlFCRXlULWNUNFF4aDRhWklxX1pJZnctSnBzdE9ISWdaLVp5NXV1enl6VkN4OUxtdW9vcWxkTkQ5OF9CYmk3bDY0ZWlKVHBZMXhuUG1TWHFiYjg5M21kajlhYmJxTzVpenBiNlV0Qm5jclBjTTJ3cVp5VUtrR190Uzk3c3FVTXdUbWlKUXZGcVRNTjFUR1pMaGFSbHF2MlpfVWQ2QkFKbjl4anRPMlVYemdjTnVEdDdhVUNaMDZteWdsb1djaWVpR3BodHJZRVZPRTRo?oc=5&hl=en-PK&gl=PK&ceid=PK:en,Global,,,,,GlobeNewswire,globenewswire_2025-10-22.csv,,SCHMID Group secures Major Orders for AI Server PCB Production Equipment - GlobeNewswire,,,,,659.4532479770268
GlobeNewswire,https://news.google.com/rss/articles/CBMilwJBVV95cUxQOUNneXVuTVNjUTktdEM1N3lYbWdGQTVDQWNROTdKeDdDWkdGN25WWGVJVEVuN0FmeGxnazhkZm1xVFI0bnFEbkdLLWxXTHI3aVZWS1VWMm42Rk9aQUZ6WFFXdlpnenNfbzI2cDJNd2pDbmhDdi1hOVFkN05OYVhuQUxUOWE2Z0pqRTFvYUZXcFNDNkN3ZzRodHNCd0FjSUtsZW1zUVl5SjFzUmRkNU01cEQ1WWE3RnNyTXQ2UjBoc0EtSFU4Ullsa1FUMWxfV25BODdRbHMwSllVX29Vd3lhcGl2YXR4TGpnclJGeW13ZUphRG14RTltbEwwb2JjLU52S1RIRUtEQ1F0c19sUExWeGpZSGdrclU?oc=5&hl=en-PK&gl=PK&ceid=PK:en,Global,,,,,GlobeNewswire,globenewswire_2025-10-22.csv,,"Charles Darwin University, Australia, opens applications for degree courses designed for young professionals in the UK - GlobeNewswire",,,,,659.4532479770268
GlobeNewswire,https://news.google.com/rss/articles/CBMiswJBVV95cUxOSG9PRVh5VDA1OE1xR01Zd081VlYtVjV1Q2xwSHBuMTNZNDJlbGFkb0xNelY0WFJCaWQ2OWQyUFlLTmtwUXdSMTNwdXJnaEo4ZFQ4NjlQWWVsV3ZQbUZ2Wkw1VUpDN29GMll2bm5yZ0lSblp2eTM3ZUtOSVV5Q2JQaWo0dDR0c0g0WTRuWE1wZm5fV256cEZYOGFzS2FEMk41bk9fenp3N095dEZsSlhjYkpCRTNYRWlRNEY4eV8tZktaWVljR0hkTFlVdlRoLUV6aG85U1ZZYTlELWxQWUNfeFUtY0RlTDlzNVFjcTBVbjBXMDQ3UVUxRkhkQjY3OGh2UmVLWVdQNjdWdG9IcGJGZWVxSXYtV21hdFhMVHhNbTJsQzhwRk52ZUNrall1dC1Xdkd3?oc=5&hl=en-PK&gl=PK&ceid=PK:en,Global,,,,,GlobeNewswire,globenewswire_2025-10-22.csv,,Nokia and ST Engineering partner to deploy Bangkok - GlobeNewswire,,,,,659.4532479770268
GlobeNewswire,https://news.google.com/rss/articles/CBMigAJBVV95cUxOb2hRX29uNVJOVWVkUE9kRlBqZUNsRTNMUHBxSEdHa1BFTzVfSzJiZnJENmhLSlVoVWtDSjlvUlFFdU1MLWY1ak1mWS1CcXBveW1KM21tNlBKZmY4dVNudnRQR192OUJHdnlDMHAta2h3UUZXdlRITnNWcU5FX2MyZ3ljZmJ3ME5kcnZVdmVUUHVYbDZUU19nUDV2dTBYZS1jOFJXZERYb0tFNWtQMlMwQm9NdVBrRkFQRjVxTWZnc21JYUhoek5QRE5vZlFvb25SZ3JzVnBzWnpZY09LR1RoLWdZR04wSWJ6Z2stejh6TDNxNDVvT0VWT3dmcWtxdVNh?oc=5&hl=en-PK&gl=PK&ceid=PK:en,Global,,,,,GlobeNewswire,globenewswire_2025-10-22.csv,,UniFirst Announces Financial Results for the Fourth Quarter and Full Fiscal Year of Fiscal 2025 - GlobeNewswire,,,,,659.4532479770268
GlobeNewswire,https://news.google.com/rss/articles/CBMixAJBVV95cUxNVzRDQzFxNmtEVGxKRVNSY21vSzR4Vkczb3hKc3JNMFlkQy1USmVxMlNieDRxR1EwWHJLUDliVjJhc3ZfaDJCeG9pY3V6Vl9nM19FQmNwR0ZHWm9RQ0VPRV9hM1RRQWhpUzJFQ3NHTE1sQUpxUzBHZ01oaWhtZGhuQm9oWFNNSFA1ZnNURHlDUHkyMjBfMGtCZThsNWRsc1otX2IxNVZxWTBLZTV1SllRZUtXT3ppblZ4YmZrOUpVZnd3S090X2hPb0tMZm1UVlNIVy1tOGRLTTUtYkVHRldzbTc5czNadHk5a1ZkSVRwMjdGa2hWUEdPT0h6ekxBa1JnSmNabnNGQ1k3V1lJUUpqaXlQN0c4aGNJenZfMVRfclVVNTFyV2dvUk5EMFFzeWVCSmdjdEo1WmtyU1dTSDBuRWN1SEo?oc=5&hl=en-PK&gl=PK&ceid=PK:en,Global,,,,,GlobeNewswire,globenewswire_2025-10-22.csv,,Step Pharma to spotlight work in CTPS2-null solid tumours - GlobeNewswire,,,,,659.4532479770268
GlobeNewswire,https://news.google.com/rss/articles/CBMi3AJBVV95cUxQVGFnUFdBOW5YaFJoaHN2MXo2amhhM2lJbjZSelNTOEFGM0tadVhLbGNPVTNMMW5aWklUOTNBVDJFTENJazVrRnBibjNKRGlmVFljOXluWGdjanNNMDhzZ2JvSFg4RHVsV256WTZjUXFlMVhDNVlVZ0ZHZ09wWmdaN1ZtN2VmYlZTb1Z3XzB5aG11TUxpX3VHQ3dTeHV4eTZaSmlNZV9ILXp2TUJib3Z4SnBJX2RjemRGV2RLeEZDM1lCbTFSQWI1ckFDSm10V0I4ejBIaEE3Sm50T05VNWlCRjd1YldpWVJwZXM3UEdJSUhoQ0t0MHEwVjVDZC1GNnZBV1dyNFo2NWhJclpqMlVBb001cXZaNUg3WERhMTNBX3RnZjNZS0pNcVBQQWVzenViRUFuS0szb3RxQlRrd3AzbnNxV1diNmVjU0pXODhqbHdIZ3p3WlhNeEo4S0o?oc=5&hl=en-PK&gl=PK&ceid=PK:en,Global,,,,,GlobeNewswire,globenewswire_2025-10-22.csv,,Triller Group Receives Nasdaq Delisting Determination - GlobeNewswire,,,,,659.4532479770268
GlobeNewswire,https://news.google.com/rss/articles/CBMikwJBVV95cUxNTm1zU0tJbUE1SWVybmRmVzZLN0xLVEdWYTFzVWdkSFMyQ0NIX0taaFgzXzJHREl4RTB1MmNzUVB4dFVZZFBjM1BqbFVQVW5uRVBrRUdMS1hvSlAyTmwtcC1GcFpqbGoxbG1kdHlJT3NTdW5tNmZ5OG9WQWVKRVdzOVpLWDR3NGdvNlVaR3dlQkZGV3ZOTTVUTERmaTdyOXlKS2U2VjhvNkFEUkdXaGJ0dWxCNG1MM3o0LUhqUmtlaDZWXzVzTnctTkZoaXJtRFdQcTJudWVGbWJ5R1h1VkZrNWVlaWFXSHozcHZqZDk0bFZ2MjY4a2Y3LWw4cF9CVWJEM2xFWFlveE9wNktSbHcwQ1gwQQ?oc=5&hl=en-PK&gl=PK&ceid=PK:en,Global,,,,,GlobeNewswire,globenewswire_2025-10-22.csv,,Milestone® Pharmaceuticals to Present Data on Etripamil at the American Heart Association Scientific Sessions 2025 - GlobeNewswire,,,,,659.4532479770268
GlobeNewswire,https://news.google.com/rss/articles/CBMib0FVX3lxTE1PazVPM2VFM045cWJBcmZNVVhaNEhwZU1aQ0pWY2JHU2xsTmJmMko3SlVHVklxdF9nOExVMlR1dE9mNWtJUk1IenpjVnlSYUk1ZjN4RjJ6THpvNDF6dEI5OG9FTFJhaVVmZjk5TnJ2MA?oc=5&hl=en-PK&gl=PK&ceid=PK:en,Global,,,,,GlobeNewswire,globenewswire_2025-10-22.csv,,Latest Press Releases & News | News Wire Newsroom - GlobeNewswire,,,,,659.4532479770268
GlobeNewswire,https://news.google.com/rss/articles/CBMi8AFBVV95cUxQMkk0QU4tMXhQMDdJcTdjZFBnRDVUQjhZVXFPak00ZEZGQ1VOd21mTExRYXFVZk5LLTRCVnlGNTJNTk5XTmgzdldMLUduUXRyMjFhUVZvWlNDazlQR3lZSUF4QnRCbEpCcHlWOTdQSEJYN0dLbDctZUNaUE5vVktneFZfNlBVNUFHRFBKWTNBdzVYQnJZNkk4emxWS0ZjQi01UUZtanZzRFBXQVVfOXdYNmtMSDA4TkozTlpCZ1dUaTBUaldxaExxU3R0NF9XdERDVGNIY3FEeXRra0lDamxMSlE2dElaMHNEZEpXTkZySlI?oc=5&hl=en-PK&gl=PK&ceid=PK:en,Global,,,,,GlobeNewswire,globenewswire_2025-10-22.csv,,"Emergent BioSolutions to Report Third Quarter 2025 Financial Results on October 29, 2025 - GlobeNewswire",,,,,659.4532479770268
EIN Presswire,https://news.google.com/rss/articles/CBMi0AFBVV95cUxOZUNELU52V1ZxRXNWOWpxVG0zVkF5WXpXbERaNFd1VjR5aHpUNWo5ZmgwYklONHFjYXhpd29kMTJWSWc4TFVPd1Fhd1NiVEpvMTNFampnUjJyNXV6U3RrcENpUEJZWWkzZ0RCdDVPX2l1NVRwUVljTTBCWEN3ZVhTMG9kakgyTXJmZ2Q0UlBlWWhfdFBXQ1NTbzQ4VjZ4TjlNUXIteHEwUmtleDVkamZNN2xvVDZyTnNSMGhWMjFWQ3dCcTRMS014cWprZS14SVI3?oc=5&hl=en-PK&gl=PK&ceid=PK:en,Global,,,,,EIN Presswire,einpresswire_2025-10-22.csv,,Experior Financial Group Appoints Co-Founder Lee-Ann Prickett as Chief Executive Officer - EIN Presswire,,,,,659.4532479770268
EIN Presswire,https://news.google.com/rss/articles/CBMi-AFBVV95cUxPZ2tScFIxZm5VYUZSSFhmbXVITDVqaWtJb3BpUHdSaVZNSDBQYjhLU0VSOVBOOVZFeWw1aTRyZ2VWcV8xYkdUcWpoSFVyWFNqdzlzaUgzX2tXdGN1bVMyZ1B3dndaUnBvcjdjNGxhZl9VTFFqdWw4bFRWWHc4NnZnY25WdndjNDZnU2o5NHhFX3hCY1RwQVZ1bEtxT0x2V09fMW84b1gtbkJqY3NXT2EteWx2SWJFb21aWFhJZWtrVll5aXBLVnRJXzBwSDc4dVE0SW9ySHhkY3VmM29NVzA5LWZUVjR5T3Excmg0ZWtGaFgzbGJPeW1NSA?oc=5&hl=en-PK&gl=PK&ceid=PK:en,Global,,,,,EIN Presswire,einpresswire_2025-10-22.csv,,Biosynthetic Blood Breakthrough: Chrysea and KaloCyte Enter into Exclusive Alliance to Transform Medical Emergency Care - EIN Presswire,,,,,659.4532479770268
EIN Presswire,https://news.google.com/rss/articles/CBMi4gFBVV95cUxObHk4RVlfd3BYYjkyX1ZNQzdneXdjbWJYaS05R0oxS2FVcnBUVDNHdnF3QmFsTzZTOEN6aDNmUmZ2Q3dsM2lsS1Y5eVAySkFqSkVmLW1lUEZvVklDR1h2cHJubjJtTTFsZWtxZDhGWk9DNWJhcVd5UFdmU08yM3Q1MkgySkhWaDRSaEF2SGRINm1QVGkwLVREN2Zhb19xYjFvT3JCMWFWVzh5NGQ4alJuemZaTFVsWUJEa2Z3OENhemE5dkJmbGhTRjNHWkhPQnk1NVdFQ0J0MjBiY0pMeTBQRFZB?oc=5&hl=en-PK&gl=PK&ceid=PK:en,Global,,,,,EIN Presswire,einpresswire_2025-10-22.csv,,Military Spouse Jobs Launches NO-COST Virtual Program Manager Certification Camp for Military Spouses - EIN Presswire,,,,,659.4532479770268
EIN Presswire,https://news.google.com/rss/articles/CBMiiAFBVV95cUxPYTVlWUl2ZGEzTUZBTU85YkVxYWRaTnpTTWdHZTRlVng4TTN2amwtLUpMb0lISFpjcTdQdFIycXNtRUw5MU1PWnVKSzZLcUthdmNxMEMxRUQ2LV9xdHZYOWRIZTdvclJlQUJiR2F5VnhrMUlURFZwVkItdlVKUDZIclIzT0dhSjdr?oc=5&hl=en-PK&gl=PK&ceid=PK:en,Global,,,,,EIN Presswire,einpresswire_2025-10-22.csv,,Simplot to Acquire Clarebout Group - EIN Presswire,,,,,659.4532479770268
Business Wire,https://news.google.com/rss/articles/CBMi-AFBVV95cUxOMFB0c2pIYmQtLXVPRDJWcXNQQ3IxUTVycWpmdVkybm9aQXVOREtDZDRyd1I0bFU0aWdvMnJxUThNSDNIc3o5emVGNzROdUpxTnVqc0stVG50STZXYXltME05RTJwRm9Fc1hOWnBZdFY2S0NUTzdjTUdyQXcwSmdVM2VOaHlHeVJwaTI3OENnT0FzcnpwRnZTVVVYaWk1dDRkSXg2aFNSSzQ5OURWQUN3TWV3eVhDT1RIRHE4dGU5bk5aLWJzUks1bk5SSUtOaS1YQ2s3ZUhFUFRjQ1dneHpER3NhS202YTJPUDc2eElyR3ZNWlhDV2lFUQ?oc=5&hl=en-PK&gl=PK&ceid=PK:en,Global,,,,,Business Wire,businesswire_2025-10-22.csv,,AST SpaceMobile Announces Proposed Private Offering of $850.0 Million of Convertible Senior Notes Due 2036 - Business Wire,,,,,659.4532479770268
Business Wire,https://news.google.com/rss/articles/CBMizgFBVV95cUxNellmQW5VTHZVRGZuVm9ySmpvemJ4a1A3QWtOeGtla1FnekNsaU9obm1tMFZnbk1QdENBc2xUUlIySUMyX3E4bXVsUVRXbmNVeXUxenNUNEx4QVRCN1pSbC1rTlVsMjhELWplckdTV0NIbG5YbHZZWlBWcHRLMHRBQ2E2WG85cXJWcDJ2VnJudGl0WFR3LWI3NVVjWmF1NFdyWndfNFlkZVA4aDdiaGJuRnVzQ2ZBOVpCUk9hWjhoTkhmUU1JOXB5WFhqczdaZw?oc=5&hl=en-PK&gl=PK&ceid=PK:en,Global,,,,,Business Wire,businesswire_2025-10-22.csv,,Nutrien Commences a Controlled Shut Down of Its Trinidad Nitrogen Operations - Business Wire,,,,,659.4532479770268
